<?xml version="1.0" encoding="UTF-8"?>
<!DOCTYPE X3D PUBLIC "ISO//Web3D//DTD X3D 4.1//EN" "https://www.web3d.org/specifications/x3d-4.1.dtd">
<X3D profile='Interchange' version='4.1' xmlns:xsd='http://www.w3.org/2001/XMLSchema-instance' xsd:noNamespaceSchemaLocation='https://www.web3d.org/specifications/x3d-4.1.xsd'>
  <head>
    <meta name='creator' content='Holger Seelig'/>
    <meta name='created' content='Tue, 04 Aug 2026 12:17:53 GMT'/>
    <meta name='modified' content='Wed, 05 Aug 2026 00:14:06 GMT'/>
    <meta name='generator' content='Sunrize X3D Editor V2.1.18, https://create3000.github.io/sunrize/'/>
  </head>
  <Scene>
    <Viewpoint
        position='100.3924 -79.72891 216.5119'
        centerOfRotation='100.3924 -79.72892 0'/>
    <Transform DEF='Playground'
        scale='1 -1 1'>
      <Shape>
        <IndexedLineSet DEF='P'
            coordIndex='0, 1, 2, 3, 4, 5, 6, 7, 8, 9, 10, 11, 12, 13, 14, 15, 16, 17, 18, 19, 20, 21, 22, 23, 24, 25, 26, 27, 28, 29, 30, 31, 32, 33, 34, 35, 36, 37, 38, 39, 40, 41, 42, 43, 44, 45, 46, 47, 48, 49, 50, 51, 52, 53, 54, 55, 56, 57, 58, 59, 60, 61, 62, 63, 64, 65, 66, 67, 68, 69, 70, 71, 72, 73, 74, 75, 76, 77, 78, 79, 80, 81, 82, 83, 84, 85, 86, 87, 88, 89, 90, 91, 92, 93, 94, 95, 96, 97, 98, 99, 100, 101, 102, 103, 104, 105, 106, 107, 108, 109, 110, 111, 112, 113, 114, 115, 116, 117, 118, 119, 120, 121, 122, 123, 124, 125, 126, 127, 128, 129, 130, 131, 132, 133, 134, 135, 136, 137, 138, 139, 140, -1'>
          <Coordinate
              point='16.6849 84.72681 0, 16.79344 84.37017 0, 16.88178 84.01019 0, 16.95215 83.64725 0, 17.00679 83.28179 0, 17.0479 82.9142 0, 17.07771 82.54488 0, 17.09845 82.17424 0, 17.11234 81.80268 0, 17.1216 81.43061 0, 17.12845 81.05843 0, 17.13513 80.68655 0, 17.14384 80.31538 0, 17.15682 79.9453 0, 17.17629 79.57674 0, 17.17294 78.97538 0, 17.17523 78.37331 0, 17.1809 77.77072 0, 17.18769 77.16785 0, 17.19334 76.56488 0, 17.19558 75.96204 0, 17.19216 75.35954 0, 17.18082 74.75757 0, 17.15929 74.15635 0, 17.12532 73.5561 0, 17.07665 72.95701 0, 17.01101 72.3593 0, 16.92614 71.76318 0, 16.81979 71.16885 0, 16.74716 70.44056 0, 16.68538 69.7114 0, 16.63388 68.98145 0, 16.59207 68.25086 0, 16.55939 67.51973 0, 16.53527 66.78815 0, 16.51911 66.05627 0, 16.51036 65.32417 0, 16.50843 64.59196 0, 16.51275 63.85978 0, 16.52275 63.12772 0, 16.53785 62.3959 0, 16.55747 61.66442 0, 16.58104 60.93341 0, 16.60694 60.50147 0, 16.6373 60.06147 0, 16.67553 59.61649 0, 16.72502 59.16964 0, 16.78915 58.72403 0, 16.87131 58.28274 0, 16.97489 57.84888 0, 17.10328 57.42555 0, 17.25987 57.01584 0, 17.44805 56.62286 0, 17.67121 56.2497 0, 17.93274 55.89947 0, 18.23602 55.57526 0, 18.58446 55.28017 0, 18.97269 55.04977 0, 19.37358 54.85991 0, 19.78566 54.70661 0, 20.20743 54.58595 0, 20.63742 54.49395 0, 21.07415 54.42668 0, 21.51614 54.38019 0, 21.9619 54.35052 0, 22.40997 54.33373 0, 22.85886 54.32587 0, 23.30708 54.32298 0, 23.75317 54.32113 0, 24.19563 54.31635 0, 24.633 54.3047 0, 24.97421 54.31011 0, 25.32256 54.33073 0, 25.67446 54.36821 0, 26.02632 54.42421 0, 26.37456 54.50037 0, 26.71559 54.59834 0, 27.04583 54.71978 0, 27.36169 54.86634 0, 27.65958 55.03966 0, 27.93593 55.2414 0, 28.18714 55.4732 0, 28.40962 55.73672 0, 28.5998 56.03361 0, 28.75408 56.36552 0, 28.93631 56.83419 0, 29.0786 57.31142 0, 29.18336 57.7958 0, 29.25302 58.28589 0, 29.28998 58.78026 0, 29.29667 59.27749 0, 29.27548 59.77615 0, 29.22885 60.27481 0, 29.15918 60.77204 0, 29.06889 61.26641 0, 28.96039 61.7565 0, 28.8361 62.24088 0, 28.69843 62.71812 0, 28.5498 63.18679 0, 28.34233 63.61985 0, 28.0968 64.02331 0, 27.81642 64.39789 0, 27.50438 64.74434 0, 27.1639 65.06339 0, 26.79819 65.3558 0, 26.41045 65.62228 0, 26.00388 65.86358 0, 25.5817 66.08044 0, 25.14711 66.27359 0, 24.70332 66.44378 0, 24.25353 66.59174 0, 23.80096 66.71822 0, 23.34881 66.82394 0, 23.02335 66.88017 0, 22.69713 66.92015 0, 22.37026 66.94637 0, 22.04283 66.96133 0, 21.71495 66.96751 0, 21.38671 66.9674 0, 21.05824 66.96349 0, 20.72961 66.95829 0, 20.40094 66.95427 0, 20.07233 66.95393 0, 19.74388 66.95975 0, 19.41569 66.97425 0, 19.08787 66.99989 0, 18.76051 67.03918 0, 18.62427 67.04665 0, 18.48798 67.05358 0, 18.35165 67.05991 0, 18.21529 67.06554 0, 18.07889 67.07039 0, 17.94247 67.07438 0, 17.80603 67.07744 0, 17.66958 67.07948 0, 17.53313 67.08041 0, 17.39668 67.08016 0, 17.26023 67.07864 0, 17.1238 67.07578 0, 16.9874 67.0715 0, 16.85102 67.0657 0'/>
        </IndexedLineSet>
      </Shape>
      <Shape>
        <IndexedLineSet DEF='l'
            coordIndex='0, 1, 2, 3, 4, 5, 6, 7, 8, 9, 10, 11, 12, 13, 14, 15, 16, 17, 18, 19, 20, 21, 22, 23, 24, 25, 26, 27, 28, 29, 30, 31, 32, 33, 34, 35, 36, 37, 38, 39, 40, 41, 42, 43, 44, 45, 46, 47, 48, 49, 50, 51, 52, 53, 54, 55, 56, 57, 58, 59, 60, 61, 62, 63, 64, 65, 66, 67, 68, 69, 70, 71, 72, 73, 74, 75, 76, 77, 78, 79, 80, 81, 82, 83, 84, 85, 86, 87, 88, 89, 90, 91, 92, 93, 94, 95, 96, 97, 98, 99, 100, 101, 102, 103, 104, 105, 106, 107, 108, 109, 110, 111, 112, 113, 114, 115, 116, 117, 118, 119, 120, 121, 122, 123, 124, 125, 126, 127, 128, 129, 130, 131, 132, 133, 134, 135, 136, 137, 138, 139, 140, 141, 142, 143, 144, 145, 146, 147, 148, 149, 150, 151, 152, 153, 154, 155, 156, -1'>
          <Coordinate
              point='26.96608 73.68443 0, 27.41718 73.39163 0, 27.87623 73.11266 0, 28.34153 72.84464 0, 28.81141 72.58471 0, 29.28418 72.33002 0, 29.75817 72.07771 0, 30.23169 71.82492 0, 30.70306 71.56879 0, 31.17059 71.30646 0, 31.63262 71.03506 0, 32.08744 70.75174 0, 32.53339 70.45364 0, 32.96878 70.1379 0, 33.39193 69.80166 0, 33.65532 69.60694 0, 33.90691 69.39833 0, 34.149 69.17859 0, 34.38387 68.95047 0, 34.61382 68.71673 0, 34.84114 68.48014 0, 35.06813 68.24345 0, 35.29708 68.00941 0, 35.53028 67.78081 0, 35.77003 67.56038 0, 36.01863 67.35089 0, 36.27836 67.15511 0, 36.55151 66.97578 0, 36.8404 66.81566 0, 37.32962 66.35834 0, 37.81399 65.89306 0, 38.29189 65.41927 0, 38.76172 64.93646 0, 39.22186 64.44408 0, 39.67069 63.9416 0, 40.10662 63.42848 0, 40.52802 62.9042 0, 40.93328 62.36821 0, 41.3208 61.81999 0, 41.68896 61.259 0, 42.03614 60.68469 0, 42.36075 60.09655 0, 42.66116 59.49404 0, 42.76633 59.10435 0, 42.86834 58.69413 0, 42.96297 58.26765 0, 43.046 57.82917 0, 43.11322 57.38295 0, 43.1604 56.93328 0, 43.18334 56.48441 0, 43.17781 56.0406 0, 43.1396 55.60614 0, 43.06449 55.18527 0, 42.94825 54.78228 0, 42.78669 54.40142 0, 42.57556 54.04696 0, 42.31067 53.72317 0, 41.94876 53.57541 0, 41.57908 53.47453 0, 41.20334 53.41686 0, 40.82322 53.39872 0, 40.44041 53.41646 0, 40.05661 53.46639 0, 39.67352 53.54485 0, 39.29283 53.64815 0, 38.91623 53.77264 0, 38.54541 53.91465 0, 38.18208 54.0705 0, 37.82792 54.23652 0, 37.48463 54.40903 0, 37.1539 54.58437 0, 36.75534 54.99139 0, 36.40014 55.42531 0, 36.08341 55.88299 0, 35.80025 56.36126 0, 35.54576 56.85698 0, 35.31504 57.367 0, 35.1032 57.88815 0, 34.90532 58.41729 0, 34.71652 58.95127 0, 34.5319 59.48692 0, 34.34656 60.0211 0, 34.1556 60.55066 0, 33.95412 61.07243 0, 33.73722 61.58328 0, 33.63132 62.02027 0, 33.51825 62.42688 0, 33.39971 62.80801 0, 33.27739 63.16856 0, 33.15298 63.51343 0, 33.02818 63.84752 0, 32.90467 64.17574 0, 32.78415 64.50298 0, 32.6683 64.83415 0, 32.55882 65.17415 0, 32.4574 65.52788 0, 32.36573 65.90024 0, 32.2855 66.29613 0, 32.21841 66.72047 0, 32.15615 67.09581 0, 32.09557 67.47158 0, 32.03601 67.84765 0, 31.97684 68.22389 0, 31.91741 68.60019 0, 31.85708 68.97641 0, 31.79521 69.35244 0, 31.73115 69.72814 0, 31.66426 70.10341 0, 31.5939 70.4781 0, 31.51942 70.85211 0, 31.44019 71.2253 0, 31.35555 71.59755 0, 31.26487 71.96874 0, 31.2027 72.41753 0, 31.1295 72.86371 0, 31.04724 73.30773 0, 30.95789 73.75004 0, 30.86341 74.19109 0, 30.76578 74.63132 0, 30.66697 75.07117 0, 30.56894 75.51109 0, 30.47367 75.95154 0, 30.38313 76.39295 0, 30.29928 76.83577 0, 30.22409 77.28045 0, 30.15954 77.72743 0, 30.10759 78.17716 0, 29.97707 78.653 0, 29.90542 79.12408 0, 29.88913 79.58895 0, 29.92467 80.04614 0, 30.00855 80.49421 0, 30.13723 80.93169 0, 30.3072 81.35711 0, 30.51495 81.76903 0, 30.75696 82.16598 0, 31.02971 82.54649 0, 31.32969 82.90913 0, 31.65338 83.25242 0, 31.99726 83.57491 0, 32.35782 83.87513 0, 32.66191 84.05681 0, 32.99775 84.22627 0, 33.35953 84.37971 0, 33.74144 84.51332 0, 34.13766 84.62328 0, 34.5424 84.7058 0, 34.94984 84.75706 0, 35.35416 84.77325 0, 35.74957 84.75056 0, 36.13025 84.68518 0, 36.49039 84.5733 0, 36.82418 84.41112 0, 37.12582 84.19482 0, 37.38948 83.92059 0, 37.56255 83.75567 0, 37.76426 83.39839 0'/>
        </IndexedLineSet>
      </Shape>
      <Shape>
        <IndexedLineSet DEF='a'
            coordIndex='0, 1, 2, 3, 4, 5, 6, 7, 8, 9, 10, 11, 12, 13, 14, 15, 16, 17, 18, 19, 20, 21, 22, 23, 24, 25, 26, 27, 28, 29, 30, 31, 32, 33, 34, 35, 36, 37, 38, 39, 40, 41, 42, 43, 44, 45, 46, 47, 48, 49, 50, 51, 52, 53, 54, 55, 56, 57, 58, 59, 60, 61, 62, 63, 64, 65, 66, 67, 68, 69, 70, 71, 72, 73, 74, 75, 76, 77, 78, 79, 80, 81, 82, 83, 84, 85, 86, 87, 88, 89, 90, 91, 92, 93, 94, 95, 96, 97, 98, 99, 100, 101, 102, 103, 104, 105, 106, 107, 108, 109, 110, 111, 112, 113, 114, 115, 116, 117, 118, 119, 120, 121, 122, 123, 124, 125, 126, 127, 128, 129, 130, 131, 132, 133, 134, 135, 136, 137, 138, 139, 140, 141, 142, 143, 144, 145, 146, 147, 148, 149, 150, 151, 152, 153, 154, 155, 156, 157, 158, 159, 160, 161, 162, 163, 164, 165, 166, 167, 168, 169, 170, 171, 172, 173, 174, 175, 176, 177, 178, 179, 180, 181, 182, 183, 184, 185, 186, 187, 188, 189, 190, 191, 192, 193, 194, 195, 196, 197, 198, 199, 200, 201, 202, 203, 204, 205, 206, 207, 208, 209, 210, 211, 212, 213, 214, 215, 216, 217, 218, 219, 220, 221, 222, 223, 224, 225, 226, 227, 228, 229, 230, 231, 232, 233, 234, 235, 236, 237, 238, 239, 240, 241, 242, 243, 244, 245, 246, 247, 248, 249, 250, 251, 252, 253, 254, 255, 256, 257, 258, 259, 260, 261, 262, 263, 264, 265, 266, 267, 268, 269, 270, 271, 272, 273, 274, 275, 276, 277, 278, 279, 280, 281, 282, 283, 284, 285, 286, 287, 288, 289, 290, 291, 292, 293, 294, -1'>
          <Coordinate
              point='56.38251 62.82956 0, 56.12531 62.82674 0, 55.87008 62.80789 0, 55.61645 62.77569 0, 55.36411 62.73281 0, 55.1127 62.68192 0, 54.86189 62.6257 0, 54.61135 62.56681 0, 54.36073 62.50794 0, 54.10969 62.45175 0, 53.85789 62.40092 0, 53.60501 62.35811 0, 53.35069 62.32601 0, 53.09461 62.30729 0, 52.83641 62.30461 0, 52.58532 62.30056 0, 52.3314 62.29102 0, 52.07536 62.27837 0, 51.81794 62.26502 0, 51.55983 62.25337 0, 51.30176 62.24583 0, 51.04445 62.24479 0, 50.78862 62.25266 0, 50.53498 62.27184 0, 50.28425 62.30472 0, 50.03715 62.35372 0, 49.79439 62.42123 0, 49.55669 62.50966 0, 49.32477 62.6214 0, 49.10159 62.78394 0, 48.87805 62.94672 0, 48.65453 63.11006 0, 48.43137 63.2743 0, 48.20895 63.43977 0, 47.98763 63.60679 0, 47.76776 63.7757 0, 47.54971 63.94682 0, 47.33384 64.12049 0, 47.1205 64.29703 0, 46.91006 64.47678 0, 46.70289 64.66006 0, 46.49934 64.84721 0, 46.29977 65.03854 0, 46.17607 65.19994 0, 46.05623 65.36355 0, 45.93974 65.52911 0, 45.8261 65.69634 0, 45.71481 65.86501 0, 45.60537 66.03484 0, 45.49726 66.20555 0, 45.38999 66.37691 0, 45.28306 66.54863 0, 45.17596 66.72047 0, 45.06819 66.89215 0, 44.95925 67.06341 0, 44.84864 67.23399 0, 44.73585 67.40363 0, 44.63766 67.60481 0, 44.535 67.80353 0, 44.42857 68.00017 0, 44.31908 68.1951 0, 44.20728 68.38871 0, 44.09387 68.58137 0, 43.97958 68.77346 0, 43.86512 68.96535 0, 43.75122 69.15743 0, 43.6386 69.35007 0, 43.52797 69.54366 0, 43.42007 69.73856 0, 43.31561 69.93515 0, 43.21531 70.13382 0, 43.16113 70.42611 0, 43.09382 70.71366 0, 43.01528 70.99715 0, 42.9274 71.27724 0, 42.8321 71.55463 0, 42.73127 71.82999 0, 42.62683 72.10399 0, 42.52068 72.37733 0, 42.41472 72.65067 0, 42.31086 72.92468 0, 42.21099 73.20007 0, 42.11703 73.47749 0, 42.03088 73.75764 0, 41.95445 74.04118 0, 41.92299 74.26771 0, 41.88748 74.49355 0, 41.84916 74.71888 0, 41.80922 74.94383 0, 41.76889 75.16859 0, 41.72938 75.39329 0, 41.69189 75.6181 0, 41.65765 75.84319 0, 41.62785 76.06869 0, 41.60373 76.29478 0, 41.58647 76.52161 0, 41.5773 76.74935 0, 41.57744 76.97814 0, 41.58809 77.20816 0, 41.58827 77.40867 0, 41.58918 77.60918 0, 41.59064 77.80969 0, 41.59251 78.01021 0, 41.59462 78.21072 0, 41.5968 78.41122 0, 41.59888 78.61174 0, 41.60072 78.81225 0, 41.60214 79.01276 0, 41.60298 79.21326 0, 41.60308 79.41378 0, 41.60227 79.61429 0, 41.6004 79.8148 0, 41.59729 80.0153 0, 41.74456 80.34039 0, 41.90261 80.66199 0, 42.07184 80.97878 0, 42.25265 81.28937 0, 42.44542 81.59241 0, 42.65057 81.88654 0, 42.86848 82.17039 0, 43.09955 82.4426 0, 43.34418 82.70183 0, 43.60277 82.9467 0, 43.87571 83.17585 0, 44.16341 83.38792 0, 44.46625 83.58156 0, 44.78463 83.7554 0, 45.02273 83.88426 0, 45.2722 84.01668 0, 45.53116 84.14793 0, 45.79773 84.27333 0, 46.07004 84.38815 0, 46.3462 84.48772 0, 46.62434 84.5673 0, 46.90259 84.6222 0, 47.17905 84.64773 0, 47.45187 84.63916 0, 47.71915 84.5918 0, 47.97902 84.50095 0, 48.22961 84.3619 0, 48.46903 84.16994 0, 48.7328 83.9203 0, 48.9879 83.66296 0, 49.23532 83.39882 0, 49.47606 83.12875 0, 49.71109 82.8536 0, 49.94141 82.57426 0, 50.16801 82.2916 0, 50.39188 82.0065 0, 50.614 81.71982 0, 50.83537 81.43243 0, 51.05698 81.14522 0, 51.2798 80.85903 0, 51.50484 80.57477 0, 51.73308 80.29329 0, 51.87829 80.11904 0, 52.00911 79.93674 0, 52.12791 79.74779 0, 52.23707 79.55353 0, 52.33895 79.35536 0, 52.43592 79.15466 0, 52.53036 78.95279 0, 52.62464 78.75114 0, 52.72113 78.55109 0, 52.8222 78.354 0, 52.93022 78.16126 0, 53.04757 77.97425 0, 53.17661 77.79435 0, 53.31972 77.62292 0, 53.51772 77.30868 0, 53.69145 76.98473 0, 53.84389 76.65229 0, 53.97802 76.31257 0, 54.09682 75.96677 0, 54.20328 75.61611 0, 54.30037 75.26179 0, 54.39108 74.90502 0, 54.47839 74.54701 0, 54.56528 74.18897 0, 54.65473 73.83211 0, 54.74972 73.47763 0, 54.85324 73.12675 0, 54.96827 72.78067 0, 55.05044 72.28838 0, 55.11417 71.79479 0, 55.16161 71.30006 0, 55.19489 70.80434 0, 55.21616 70.30777 0, 55.22757 69.81051 0, 55.23125 69.31271 0, 55.22934 68.81454 0, 55.224 68.31613 0, 55.21735 67.81764 0, 55.21155 67.31923 0, 55.20874 66.82104 0, 55.21106 66.32323 0, 55.22065 65.82596 0, 55.21931 65.71956 0, 55.22054 65.5969 0, 55.22312 65.46442 0, 55.22579 65.32857 0, 55.2273 65.19578 0, 55.22641 65.07249 0, 55.22188 64.96515 0, 55.21244 64.8802 0, 55.19686 64.82408 0, 55.17389 64.80323 0, 55.14228 64.82409 0, 55.10078 64.8931 0, 55.04815 65.01671 0, 54.98314 65.20135 0, 54.92043 65.44646 0, 54.85153 65.68977 0, 54.77791 65.93166 0, 54.70102 66.17251 0, 54.62234 66.41271 0, 54.5433 66.65264 0, 54.46539 66.89269 0, 54.39005 67.13324 0, 54.31876 67.37468 0, 54.25295 67.61739 0, 54.19411 67.86177 0, 54.14368 68.10818 0, 54.10313 68.35703 0, 54.07392 68.60869 0, 54.01181 69.09961 0, 53.96388 69.59126 0, 53.92849 70.08356 0, 53.90396 70.57642 0, 53.88864 71.06974 0, 53.88087 71.56346 0, 53.87898 72.05748 0, 53.88131 72.55172 0, 53.88621 73.04608 0, 53.89201 73.5405 0, 53.89704 74.03487 0, 53.89966 74.52911 0, 53.89819 75.02315 0, 53.89098 75.51688 0, 53.89603 75.77669 0, 53.89697 76.0368 0, 53.89503 76.2971 0, 53.89143 76.55751 0, 53.88741 76.81791 0, 53.8842 77.0782 0, 53.88302 77.33829 0, 53.8851 77.59807 0, 53.89167 77.85743 0, 53.90396 78.11628 0, 53.92321 78.37451 0, 53.95063 78.63203 0, 53.98745 78.88872 0, 54.03492 79.14449 0, 54.04625 79.36837 0, 54.05371 79.59296 0, 54.0587 79.81805 0, 54.06265 80.0434 0, 54.06697 80.26879 0, 54.07309 80.49399 0, 54.08242 80.71877 0, 54.09639 80.94289 0, 54.1164 81.16614 0, 54.14389 81.38829 0, 54.18026 81.6091 0, 54.22695 81.82836 0, 54.28536 82.04583 0, 54.35691 82.26128 0, 54.40056 82.49672 0, 54.46852 82.73481 0, 54.55945 82.97095 0, 54.67199 83.20051 0, 54.80482 83.41888 0, 54.95657 83.62145 0, 55.12591 83.8036 0, 55.3115 83.96072 0, 55.51198 84.0882 0, 55.72602 84.1814 0, 55.95226 84.23572 0, 56.18937 84.24654 0, 56.436 84.20926 0, 56.6908 84.11925 0, 56.79071 84.109 0, 56.89304 84.102 0, 56.99707 84.09682 0, 57.10207 84.09203 0, 57.20729 84.08621 0, 57.31202 84.07793 0, 57.4155 84.06574 0, 57.51702 84.04824 0, 57.61583 84.02398 0, 57.7112 83.99153 0, 57.80241 83.94947 0, 57.88872 83.89638 0, 57.96939 83.8308 0, 58.04369 83.75133 0'/>
        </IndexedLineSet>
      </Shape>
      <Shape>
        <IndexedLineSet DEF='y'
            coordIndex='0, 1, 2, 3, 4, 5, 6, 7, 8, 9, 10, 11, 12, 13, 14, 15, 16, 17, 18, 19, 20, 21, 22, 23, 24, 25, 26, 27, 28, 29, 30, 31, 32, 33, 34, 35, 36, 37, 38, 39, 40, 41, 42, 43, 44, 45, 46, 47, 48, 49, 50, 51, 52, 53, 54, 55, 56, 57, 58, 59, 60, 61, 62, 63, 64, 65, 66, 67, 68, 69, 70, 71, 72, 73, 74, 75, 76, 77, 78, 79, 80, 81, 82, 83, 84, 85, 86, 87, 88, 89, 90, 91, 92, 93, 94, 95, 96, 97, 98, 99, 100, 101, 102, 103, 104, 105, 106, 107, 108, 109, 110, 111, 112, 113, 114, 115, 116, 117, 118, 119, 120, 121, 122, 123, 124, 125, 126, 127, 128, 129, 130, 131, 132, 133, 134, 135, 136, 137, 138, 139, 140, 141, 142, 143, 144, 145, 146, 147, 148, 149, 150, 151, 152, 153, 154, 155, 156, 157, 158, 159, 160, 161, 162, 163, 164, 165, 166, 167, 168, 169, 170, 171, 172, 173, 174, 175, 176, 177, 178, 179, 180, 181, 182, 183, 184, 185, 186, 187, 188, 189, 190, 191, 192, 193, 194, 195, 196, 197, 198, 199, 200, 201, 202, 203, 204, 205, 206, 207, 208, 209, 210, 211, 212, 213, 214, 215, 216, 217, 218, 219, 220, 221, 222, 223, 224, 225, 226, 227, 228, 229, 230, 231, 232, 233, 234, 235, 236, 237, 238, 239, 240, 241, 242, 243, 244, 245, 246, 247, 248, 249, 250, 251, 252, -1'>
          <Coordinate
              point='62.77388 62.18749 0, 62.25134 63.05291 0, 61.77607 63.95207 0, 61.34878 64.87979 0, 60.97014 65.83087 0, 60.64086 66.80011 0, 60.36162 67.78233 0, 60.13311 68.77232 0, 59.95603 69.76488 0, 59.83107 70.75484 0, 59.75891 71.73698 0, 59.74026 72.70613 0, 59.77579 73.65707 0, 59.86621 74.58462 0, 60.0122 75.48358 0, 60.10909 76.09866 0, 60.20622 76.69872 0, 60.30663 77.28541 0, 60.41338 77.8604 0, 60.52953 78.42537 0, 60.65812 78.98198 0, 60.8022 79.5319 0, 60.96484 80.07679 0, 61.14908 80.61833 0, 61.35798 81.15818 0, 61.59458 81.69801 0, 61.86194 82.23948 0, 62.16312 82.78427 0, 62.50116 83.33404 0, 62.80072 83.6853 0, 63.14038 83.97661 0, 63.51394 84.20978 0, 63.9152 84.38666 0, 64.33798 84.50907 0, 64.7761 84.57887 0, 65.22335 84.59789 0, 65.67355 84.56794 0, 66.12051 84.49088 0, 66.55804 84.36854 0, 66.97994 84.20275 0, 67.38004 83.99535 0, 67.75212 83.74818 0, 68.09001 83.46307 0, 68.57272 83.118 0, 69.01661 82.7407 0, 69.42509 82.33434 0, 69.80153 81.9021 0, 70.14932 81.44715 0, 70.47187 80.97267 0, 70.77255 80.48183 0, 71.05476 79.97782 0, 71.32188 79.46381 0, 71.5773 78.94296 0, 71.82441 78.41846 0, 72.06661 77.89349 0, 72.30728 77.37122 0, 72.5498 76.85481 0, 72.74596 76.30193 0, 72.94386 75.74871 0, 73.1413 75.19475 0, 73.33604 74.63966 0, 73.52589 74.08306 0, 73.7086 73.52457 0, 73.88196 72.96379 0, 74.04374 72.40034 0, 74.19172 71.83382 0, 74.32368 71.26387 0, 74.4374 70.69008 0, 74.53066 70.11208 0, 74.60123 69.52946 0, 74.64689 68.94186 0, 74.68499 68.46702 0, 74.73299 67.99303 0, 74.78914 67.51975 0, 74.85171 67.04707 0, 74.91896 66.57483 0, 74.98915 66.10292 0, 75.06055 65.63121 0, 75.1314 65.15956 0, 75.19998 64.68785 0, 75.26456 64.21595 0, 75.32337 63.74372 0, 75.3747 63.27103 0, 75.41681 62.79777 0, 75.44794 62.32378 0, 75.06702 62.26952 0, 74.71764 62.29877 0, 74.39865 62.4025 0, 74.10889 62.57164 0, 73.84721 62.79718 0, 73.61245 63.07007 0, 73.40345 63.38128 0, 73.21906 63.72175 0, 73.05811 64.08246 0, 72.91947 64.45436 0, 72.80196 64.82841 0, 72.70444 65.19559 0, 72.62576 65.54684 0, 72.56474 65.87313 0, 72.3834 66.67467 0, 72.20374 67.47666 0, 72.02495 68.27891 0, 71.84623 69.08121 0, 71.66678 69.88335 0, 71.48579 70.68512 0, 71.30247 71.48633 0, 71.11599 72.28676 0, 70.92557 73.08621 0, 70.73039 73.88448 0, 70.52966 74.68136 0, 70.32256 75.47664 0, 70.1083 76.27012 0, 69.88607 77.06159 0, 69.82398 77.5159 0, 69.74377 77.96608 0, 69.64869 78.41286 0, 69.54201 78.85696 0, 69.427 79.29911 0, 69.30692 79.74002 0, 69.18505 80.18042 0, 69.06464 80.62103 0, 68.94895 81.06258 0, 68.84126 81.50578 0, 68.74483 81.95138 0, 68.66292 82.40007 0, 68.5988 82.85259 0, 68.55574 83.30966 0, 68.51985 83.64877 0, 68.48685 83.98511 0, 68.45645 84.31751 0, 68.4284 84.64482 0, 68.40241 84.96587 0, 68.37823 85.2795 0, 68.35558 85.58455 0, 68.33419 85.87985 0, 68.31379 86.16425 0, 68.29411 86.43658 0, 68.27489 86.69567 0, 68.25584 86.94037 0, 68.2367 87.16951 0, 68.21721 87.38194 0, 68.18262 88.02262 0, 68.15934 88.66361 0, 68.14494 89.30484 0, 68.137 89.94622 0, 68.13308 90.58768 0, 68.13075 91.22913 0, 68.12759 91.87051 0, 68.12118 92.51173 0, 68.10906 93.1527 0, 68.08883 93.79337 0, 68.05804 94.43363 0, 68.01428 95.07343 0, 67.95511 95.71267 0, 67.8781 96.35128 0, 67.83792 96.79272 0, 67.78448 97.23351 0, 67.71769 97.67303 0, 67.63744 98.11073 0, 67.54364 98.54603 0, 67.43619 98.97834 0, 67.31499 99.40709 0, 67.17995 99.83169 0, 67.03097 100.2516 0, 66.86794 100.6662 0, 66.69077 101.0749 0, 66.49937 101.4771 0, 66.29364 101.8723 0, 66.07347 102.2599 0, 65.73421 102.4134 0, 65.37901 102.5628 0, 65.00969 102.7069 0, 64.62807 102.8443 0, 64.23598 102.9738 0, 63.83525 103.0941 0, 63.42771 103.2041 0, 63.01518 103.3025 0, 62.5995 103.3879 0, 62.18248 103.4592 0, 61.76596 103.515 0, 61.35176 103.5542 0, 60.94171 103.5755 0, 60.53763 103.5776 0, 60.19382 103.4683 0, 59.91082 103.3089 0, 59.68332 103.1055 0, 59.506 102.864 0, 59.37358 102.5905 0, 59.28073 102.2908 0, 59.22215 101.9711 0, 59.19252 101.6373 0, 59.18655 101.2955 0, 59.19893 100.9516 0, 59.22433 100.6116 0, 59.25747 100.2815 0, 59.29302 99.96732 0, 59.32568 99.67509 0, 59.44755 99.23395 0, 59.59491 98.80328 0, 59.76464 98.38181 0, 59.95364 97.96828 0, 60.1588 97.56141 0, 60.37699 97.15993 0, 60.60511 96.76259 0, 60.84004 96.36808 0, 61.07867 95.97516 0, 61.31789 95.58254 0, 61.55458 95.18896 0, 61.78563 94.79315 0, 62.00792 94.39384 0, 62.21834 93.98975 0, 62.41454 93.66417 0, 62.60663 93.33556 0, 62.79555 93.00463 0, 62.98225 92.67207 0, 63.16768 92.33859 0, 63.35278 92.00488 0, 63.53852 91.67163 0, 63.72585 91.33955 0, 63.9157 91.00935 0, 64.10903 90.68171 0, 64.30679 90.35734 0, 64.50993 90.03693 0, 64.7194 89.72119 0, 64.93615 89.41081 0, 65.40874 88.97367 0, 65.89777 88.55668 0, 66.40186 88.15851 0, 66.91965 87.77782 0, 67.44977 87.41328 0, 67.99085 87.06355 0, 68.54153 86.72729 0, 69.10043 86.40318 0, 69.66619 86.08986 0, 70.23743 85.78601 0, 70.81279 85.49029 0, 71.3909 85.20136 0, 71.97039 84.91789 0, 72.54989 84.63854 0, 72.69807 84.58337 0, 72.8462 84.52743 0, 72.99413 84.47053 0, 73.14173 84.41252 0, 73.28889 84.35324 0, 73.43546 84.29252 0, 73.58134 84.23019 0, 73.72638 84.1661 0, 73.87045 84.10008 0, 74.01344 84.03196 0, 74.1552 83.96159 0, 74.29562 83.88879 0, 74.43456 83.81339 0, 74.57189 83.73526 0'/>
        </IndexedLineSet>
      </Shape>
      <Shape>
        <IndexedLineSet DEF='g'
            coordIndex='0, 1, 2, 3, 4, 5, 6, 7, 8, 9, 10, 11, 12, 13, 14, 15, 16, 17, 18, 19, 20, 21, 22, 23, 24, 25, 26, 27, 28, 29, 30, 31, 32, 33, 34, 35, 36, 37, 38, 39, 40, 41, 42, 43, 44, 45, 46, 47, 48, 49, 50, 51, 52, 53, 54, 55, 56, 57, 58, 59, 60, 61, 62, 63, 64, 65, 66, 67, 68, 69, 70, 71, 72, 73, 74, 75, 76, 77, 78, 79, 80, 81, 82, 83, 84, 85, 86, 87, 88, 89, 90, 91, 92, 93, 94, 95, 96, 97, 98, 99, 100, 101, 102, 103, 104, 105, 106, 107, 108, 109, 110, 111, 112, 113, 114, 115, 116, 117, 118, 119, 120, 121, 122, 123, 124, 125, 126, 127, 128, 129, 130, 131, 132, 133, 134, 135, 136, 137, 138, 139, 140, 141, 142, 143, 144, 145, 146, 147, 148, 149, 150, 151, 152, 153, 154, 155, 156, 157, 158, 159, 160, 161, 162, 163, 164, 165, 166, 167, 168, 169, 170, 171, 172, 173, 174, 175, 176, 177, 178, 179, 180, 181, 182, 183, 184, 185, 186, 187, 188, 189, 190, 191, 192, 193, 194, 195, 196, 197, 198, 199, 200, 201, 202, 203, 204, 205, 206, 207, 208, 209, 210, 211, 212, 213, 214, 215, 216, 217, 218, 219, 220, 221, 222, 223, 224, 225, 226, 227, 228, 229, 230, 231, 232, 233, 234, 235, 236, 237, 238, 239, 240, 241, 242, 243, 244, 245, 246, 247, 248, 249, 250, 251, 252, 253, 254, 255, 256, 257, 258, 259, 260, 261, 262, 263, 264, 265, 266, 267, 268, 269, 270, 271, 272, 273, 274, 275, 276, 277, 278, 279, 280, 281, 282, 283, 284, 285, 286, 287, 288, 289, 290, 291, 292, 293, 294, 295, 296, 297, 298, 299, 300, 301, 302, 303, 304, 305, 306, 307, 308, 309, 310, 311, 312, 313, 314, 315, 316, 317, 318, 319, 320, 321, 322, 323, 324, 325, 326, 327, 328, 329, 330, 331, 332, 333, 334, 335, 336, 337, 338, 339, 340, 341, 342, 343, 344, 345, 346, 347, 348, 349, 350, 351, 352, 353, 354, 355, 356, 357, 358, 359, 360, 361, 362, 363, 364, 365, 366, 367, 368, 369, 370, 371, 372, 373, 374, 375, 376, 377, 378, 379, 380, 381, 382, 383, 384, 385, 386, 387, 388, 389, 390, 391, 392, 393, 394, 395, 396, 397, 398, 399, 400, 401, 402, 403, 404, 405, 406, 407, 408, 409, 410, 411, 412, 413, 414, 415, 416, 417, 418, 419, 420, -1'>
          <Coordinate
              point='88.57367 62.25943 0, 88.39076 62.25261 0, 88.2083 62.24868 0, 88.02634 62.24762 0, 87.84497 62.2494 0, 87.66424 62.25398 0, 87.48422 62.26133 0, 87.30499 62.27142 0, 87.12659 62.28419 0, 86.94913 62.29964 0, 86.77264 62.31773 0, 86.59721 62.33841 0, 86.4229 62.36166 0, 86.24978 62.38744 0, 86.07792 62.41571 0, 85.76618 62.5641 0, 85.46487 62.73051 0, 85.17381 62.9137 0, 84.89278 63.11244 0, 84.62162 63.32548 0, 84.36012 63.55158 0, 84.1081 63.78951 0, 83.86536 64.03802 0, 83.63171 64.29587 0, 83.40697 64.56182 0, 83.19093 64.83464 0, 82.98341 65.11308 0, 82.78421 65.3959 0, 82.59315 65.68188 0, 82.43433 66.0056 0, 82.26744 66.31698 0, 82.0947 66.61852 0, 81.91827 66.91273 0, 81.74036 67.20214 0, 81.56315 67.48925 0, 81.38882 67.77657 0, 81.21959 68.06662 0, 81.05762 68.36192 0, 80.90512 68.66496 0, 80.76427 68.97828 0, 80.63726 69.30437 0, 80.52628 69.64577 0, 80.43351 70.00497 0, 80.32162 70.29693 0, 80.21696 70.59051 0, 80.11974 70.88573 0, 80.03017 71.18266 0, 79.94848 71.48134 0, 79.87487 71.7818 0, 79.80956 72.0841 0, 79.75278 72.38827 0, 79.70471 72.69437 0, 79.6656 73.00243 0, 79.63564 73.31252 0, 79.61506 73.62466 0, 79.60406 73.9389 0, 79.60288 74.25529 0, 79.55174 74.60338 0, 79.51151 74.95274 0, 79.48094 75.30321 0, 79.45885 75.65466 0, 79.44402 76.00696 0, 79.43523 76.35994 0, 79.43127 76.71348 0, 79.43092 77.06741 0, 79.43297 77.42162 0, 79.43621 77.77593 0, 79.43941 78.13023 0, 79.44139 78.48435 0, 79.4409 78.83817 0, 79.43675 79.19153 0, 79.50576 79.57866 0, 79.58317 79.97826 0, 79.67197 80.38521 0, 79.77518 80.79433 0, 79.89581 81.20052 0, 80.03684 81.5986 0, 80.20131 81.98345 0, 80.3922 82.34992 0, 80.61253 82.69287 0, 80.8653 83.00716 0, 81.15351 83.28765 0, 81.48018 83.52919 0, 81.8483 83.72665 0, 82.26089 83.87487 0, 82.4354 83.98033 0, 82.62196 84.07845 0, 82.81995 84.1685 0, 83.02879 84.24973 0, 83.24789 84.32141 0, 83.47665 84.3828 0, 83.71449 84.43318 0, 83.96079 84.47179 0, 84.21498 84.49791 0, 84.47646 84.51079 0, 84.74464 84.5097 0, 85.01891 84.49391 0, 85.29871 84.46267 0, 85.5834 84.41525 0, 85.90327 84.22617 0, 86.20174 84.01306 0, 86.48108 83.77859 0, 86.7435 83.52542 0, 86.99123 83.25623 0, 87.2265 82.97369 0, 87.45155 82.68047 0, 87.6686 82.37923 0, 87.87988 82.07265 0, 88.08763 81.76338 0, 88.29407 81.45412 0, 88.50143 81.14751 0, 88.71194 80.84624 0, 88.92783 80.55298 0, 89.14605 80.1629 0, 89.36313 79.77018 0, 89.57716 79.3745 0, 89.78622 78.97552 0, 89.98843 78.57291 0, 90.18185 78.16635 0, 90.3646 77.75552 0, 90.53477 77.34007 0, 90.69044 76.91967 0, 90.82972 76.494 0, 90.95069 76.06274 0, 91.05145 75.62556 0, 91.1301 75.18211 0, 91.18472 74.73208 0, 91.30506 74.34929 0, 91.39879 73.96284 0, 91.46898 73.57313 0, 91.51875 73.1806 0, 91.55118 72.78568 0, 91.56937 72.38878 0, 91.57644 71.99033 0, 91.57545 71.59075 0, 91.56953 71.19048 0, 91.56175 70.78992 0, 91.55524 70.38953 0, 91.55306 69.9897 0, 91.55833 69.59087 0, 91.57414 69.19347 0, 91.50211 68.81886 0, 91.43837 68.4399 0, 91.37949 68.05801 0, 91.32204 67.67457 0, 91.26256 67.29096 0, 91.19762 66.90858 0, 91.12379 66.52882 0, 91.03761 66.15307 0, 90.93566 65.78272 0, 90.81449 65.41917 0, 90.67065 65.0638 0, 90.50072 64.71801 0, 90.30125 64.38319 0, 90.06879 64.06071 0, 89.99059 63.78001 0, 89.91719 63.54469 0, 89.84904 63.35403 0, 89.78658 63.20726 0, 89.73022 63.10364 0, 89.68044 63.0424 0, 89.63763 63.02279 0, 89.60226 63.04407 0, 89.57475 63.10546 0, 89.55553 63.20624 0, 89.54506 63.34563 0, 89.54375 63.52288 0, 89.55206 63.73724 0, 89.57041 63.98796 0, 89.56932 64.33916 0, 89.56755 64.69048 0, 89.56569 65.04187 0, 89.5643 65.3933 0, 89.56398 65.74473 0, 89.5653 66.09611 0, 89.56885 66.44742 0, 89.5752 66.79861 0, 89.58493 67.14964 0, 89.59863 67.50047 0, 89.61686 67.85108 0, 89.64023 68.20142 0, 89.6693 68.55145 0, 89.70464 68.90113 0, 89.7322 68.64848 0, 89.76057 68.51678 0, 89.789 68.49106 0, 89.81674 68.55627 0, 89.84303 68.6974 0, 89.86713 68.89944 0, 89.88828 69.14735 0, 89.90573 69.42614 0, 89.91872 69.72077 0, 89.9265 70.01623 0, 89.92832 70.2975 0, 89.92342 70.54957 0, 89.91106 70.7574 0, 89.89048 70.906 0, 89.94847 71.46902 0, 89.99355 72.03299 0, 90.02719 72.59779 0, 90.05089 73.1633 0, 90.06615 73.72944 0, 90.07443 74.2961 0, 90.07726 74.86315 0, 90.07609 75.43052 0, 90.07243 75.99808 0, 90.06776 76.56573 0, 90.06357 77.13337 0, 90.06135 77.70089 0, 90.06259 78.26819 0, 90.06879 78.83515 0, 90.06972 79.23788 0, 90.07119 79.64059 0, 90.07256 80.04325 0, 90.07313 80.44583 0, 90.07226 80.8483 0, 90.06926 81.25063 0, 90.06348 81.65277 0, 90.05424 82.05469 0, 90.04088 82.45636 0, 90.02272 82.85775 0, 89.99911 83.25882 0, 89.96936 83.65954 0, 89.93282 84.05987 0, 89.88882 84.45977 0, 89.92413 84.87801 0, 89.93443 85.29451 0, 89.92376 85.70955 0, 89.89613 86.12342 0, 89.85554 86.53639 0, 89.80602 86.94876 0, 89.75159 87.36081 0, 89.69627 87.77282 0, 89.64406 88.18507 0, 89.59898 88.59785 0, 89.56507 89.01144 0, 89.54633 89.42612 0, 89.54677 89.84218 0, 89.57041 90.2599 0, 89.57341 90.56768 0, 89.57572 90.8753 0, 89.5769 91.18272 0, 89.57648 91.48993 0, 89.57401 91.79691 0, 89.56903 92.10365 0, 89.5611 92.41012 0, 89.54975 92.71631 0, 89.53454 93.02219 0, 89.515 93.32776 0, 89.49068 93.63299 0, 89.46114 93.93786 0, 89.42591 94.24236 0, 89.38454 94.54646 0, 89.41446 94.97035 0, 89.42177 95.39303 0, 89.41011 95.8147 0, 89.38313 96.23559 0, 89.34446 96.65588 0, 89.29776 97.07581 0, 89.24666 97.49557 0, 89.19482 97.91536 0, 89.14587 98.33541 0, 89.10345 98.75591 0, 89.07122 99.17709 0, 89.0528 99.59914 0, 89.05186 100.0223 0, 89.07204 100.4467 0, 89.00819 100.7494 0, 88.96295 101.0539 0, 88.93283 101.3597 0, 88.91434 101.6666 0, 88.90401 101.9743 0, 88.89836 102.2824 0, 88.8939 102.5906 0, 88.88714 102.8985 0, 88.87461 103.2059 0, 88.85283 103.5124 0, 88.81831 103.8176 0, 88.76759 104.1213 0, 88.69715 104.4231 0, 88.60355 104.7228 0, 88.6046 105.128 0, 88.58863 105.5297 0, 88.55521 105.9275 0, 88.50392 106.3208 0, 88.43434 106.7093 0, 88.34605 107.0924 0, 88.23864 107.4697 0, 88.11166 107.8406 0, 87.96472 108.2047 0, 87.79739 108.5615 0, 87.60923 108.9105 0, 87.39984 109.2513 0, 87.16879 109.5833 0, 86.91566 109.9061 0, 86.77581 110.1143 0, 86.63131 110.3058 0, 86.48321 110.4805 0, 86.33257 110.638 0, 86.18046 110.7782 0, 86.02792 110.9008 0, 85.87601 111.0054 0, 85.72579 111.092 0, 85.57832 111.1602 0, 85.43464 111.2097 0, 85.29583 111.2404 0, 85.16293 111.252 0, 85.03699 111.2441 0, 84.91909 111.2167 0, 84.53717 111.3136 0, 84.15257 111.3679 0, 83.76743 111.3817 0, 83.38386 111.357 0, 83.00397 111.2959 0, 82.62991 111.2005 0, 82.26379 111.0729 0, 81.90771 110.9152 0, 81.56382 110.7295 0, 81.23422 110.5178 0, 80.92105 110.2822 0, 80.62642 110.0249 0, 80.35245 109.7478 0, 80.10126 109.4531 0, 79.89748 109.0908 0, 79.71836 108.7192 0, 79.56309 108.3395 0, 79.43082 107.9525 0, 79.32074 107.5592 0, 79.23201 107.1606 0, 79.1638 106.7576 0, 79.11528 106.3512 0, 79.08563 105.9424 0, 79.07401 105.532 0, 79.07961 105.1212 0, 79.10158 104.7108 0, 79.1391 104.3018 0, 79.19134 103.8952 0, 79.31251 103.2733 0, 79.46764 102.6624 0, 79.65424 102.062 0, 79.8698 101.4718 0, 80.1118 100.8915 0, 80.37776 100.3207 0, 80.66515 99.75893 0, 80.97149 99.20592 0, 81.29426 98.66129 0, 81.63095 98.12466 0, 81.97907 97.59567 0, 82.33611 97.07396 0, 82.69956 96.55915 0, 83.06692 96.05089 0, 83.41227 95.64557 0, 83.75021 95.23263 0, 84.08305 94.81441 0, 84.41315 94.39326 0, 84.74281 93.97157 0, 85.07439 93.55166 0, 85.41019 93.13589 0, 85.75258 92.72664 0, 86.10385 92.32625 0, 86.46636 91.93707 0, 86.84242 91.56146 0, 87.23438 91.20178 0, 87.64456 90.86038 0, 88.07529 90.53963 0, 88.32424 90.25917 0, 88.57847 89.98465 0, 88.83709 89.71507 0, 89.09926 89.44947 0, 89.3641 89.18686 0, 89.63076 88.92625 0, 89.89836 88.66666 0, 90.16605 88.40713 0, 90.43297 88.14665 0, 90.69824 87.88425 0, 90.96101 87.61896 0, 91.22042 87.34978 0, 91.47559 87.07573 0, 91.72566 86.79584 0, 91.96436 86.617 0, 92.20064 86.4342 0, 92.43196 86.24661 0, 92.65578 86.05338 0, 92.86956 85.85366 0, 93.07076 85.64663 0, 93.25681 85.43144 0, 93.42519 85.20726 0, 93.57336 84.97324 0, 93.69875 84.72855 0, 93.79884 84.47234 0, 93.87108 84.20378 0, 93.91292 83.92203 0, 93.92182 83.62624 0, 93.93293 83.5186 0, 93.94521 83.37062 0, 93.95778 83.19383 0, 93.96973 82.99973 0, 93.98017 82.79983 0, 93.9882 82.60565 0, 93.99292 82.4287 0, 93.99343 82.28051 0, 93.98885 82.17257 0, 93.97826 82.1164 0, 93.96078 82.12353 0, 93.93551 82.20544 0, 93.90155 82.37368 0, 93.858 82.63975 0, 93.87267 82.53505 0, 93.88721 82.43034 0, 93.90165 82.3256 0, 93.91597 82.22086 0, 93.9302 82.1161 0, 93.94435 82.01133 0, 93.95842 81.90655 0, 93.97243 81.80176 0, 93.98639 81.69697 0, 94.00031 81.59216 0, 94.0142 81.48736 0, 94.02807 81.38255 0, 94.04192 81.27775 0, 94.05579 81.17294 0'/>
        </IndexedLineSet>
      </Shape>
      <Shape>
        <IndexedLineSet DEF='r'
            coordIndex='0, 1, 2, 3, 4, 5, 6, 7, 8, 9, 10, 11, 12, 13, 14, 15, 16, 17, 18, 19, 20, 21, 22, 23, 24, 25, 26, 27, 28, 29, 30, 31, 32, 33, 34, 35, 36, 37, 38, 39, 40, 41, 42, 43, 44, 45, 46, 47, 48, 49, 50, 51, 52, 53, 54, 55, 56, 57, 58, 59, 60, 61, 62, 63, 64, 65, 66, 67, 68, 69, 70, 71, 72, 73, 74, 75, 76, 77, 78, 79, 80, 81, 82, 83, 84, 85, 86, 87, 88, 89, 90, 91, 92, 93, 94, 95, 96, 97, 98, 99, 100, 101, 102, 103, 104, 105, 106, 107, 108, 109, 110, 111, 112, 113, 114, 115, 116, 117, 118, 119, 120, 121, 122, 123, 124, 125, 126, 127, 128, 129, 130, 131, 132, 133, 134, 135, 136, 137, 138, 139, 140, 141, 142, 143, 144, 145, 146, 147, 148, 149, 150, 151, 152, 153, 154, 155, 156, 157, 158, 159, 160, 161, 162, 163, 164, 165, 166, 167, 168, 169, 170, 171, 172, 173, 174, 175, 176, 177, 178, 179, 180, 181, 182, -1'>
          <Coordinate
              point='98.8734 64.75536 0, 98.83865 64.88663 0, 98.80995 65.01064 0, 98.78638 65.12901 0, 98.76699 65.2434 0, 98.75089 65.35542 0, 98.73712 65.46671 0, 98.72479 65.57891 0, 98.71296 65.69364 0, 98.7007 65.81255 0, 98.6871 65.93726 0, 98.67122 66.0694 0, 98.65214 66.2106 0, 98.62894 66.36251 0, 98.60071 66.52676 0, 98.56253 66.87472 0, 98.53592 67.22305 0, 98.5193 67.57171 0, 98.51111 67.92066 0, 98.50977 68.26985 0, 98.51371 68.61924 0, 98.52137 68.96878 0, 98.53117 69.31844 0, 98.54156 69.66815 0, 98.55096 70.01788 0, 98.55779 70.36759 0, 98.56049 70.71723 0, 98.5575 71.06676 0, 98.54724 71.41613 0, 98.54752 71.72543 0, 98.53976 72.03427 0, 98.5255 72.34271 0, 98.50628 72.65084 0, 98.48364 72.95873 0, 98.45914 73.26647 0, 98.43433 73.57413 0, 98.41072 73.88179 0, 98.38988 74.18952 0, 98.37336 74.49742 0, 98.36269 74.80555 0, 98.35942 75.114 0, 98.36509 75.42284 0, 98.38125 75.73215 0, 98.38804 76.11599 0, 98.38754 76.4995 0, 98.3804 76.8827 0, 98.36726 77.26561 0, 98.34875 77.64825 0, 98.32552 78.03065 0, 98.29823 78.41283 0, 98.26749 78.7948 0, 98.23396 79.17659 0, 98.1983 79.55822 0, 98.16112 79.93972 0, 98.12308 80.3211 0, 98.08482 80.70238 0, 98.04699 81.08359 0, 98.05185 81.31994 0, 98.04306 81.55519 0, 98.02288 81.78954 0, 97.99356 82.02319 0, 97.95738 82.25635 0, 97.91659 82.4892 0, 97.87345 82.72194 0, 97.83024 82.95477 0, 97.7892 83.1879 0, 97.7526 83.42152 0, 97.72272 83.65582 0, 97.70179 83.891 0, 97.69209 84.12727 0, 97.69589 84.36481 0, 97.8271 84.27535 0, 97.93688 84.16314 0, 98.02796 84.03114 0, 98.10305 83.88233 0, 98.16488 83.71968 0, 98.21616 83.54614 0, 98.25963 83.3647 0, 98.29799 83.1783 0, 98.33397 82.98993 0, 98.37029 82.80254 0, 98.40967 82.6191 0, 98.45483 82.44258 0, 98.50849 82.27596 0, 98.57338 82.12217 0, 98.64186 81.90717 0, 98.70509 81.69097 0, 98.76349 81.47371 0, 98.8175 81.25547 0, 98.86759 81.03636 0, 98.91418 80.8165 0, 98.9577 80.59597 0, 98.9986 80.37489 0, 99.03732 80.15337 0, 99.07431 79.9315 0, 99.10999 79.70939 0, 99.14482 79.48714 0, 99.17922 79.26488 0, 99.21365 79.04268 0, 99.23605 79.19002 0, 99.26405 79.2627 0, 99.2966 79.26982 0, 99.33263 79.22049 0, 99.37108 79.1238 0, 99.4109 78.98885 0, 99.45103 78.82476 0, 99.4904 78.6406 0, 99.52797 78.44549 0, 99.56268 78.24853 0, 99.59345 78.0588 0, 99.61925 77.88542 0, 99.639 77.73749 0, 99.65166 77.62409 0, 99.67734 77.40724 0, 99.70738 77.19099 0, 99.74074 76.97519 0, 99.77636 76.75974 0, 99.81319 76.54449 0, 99.85018 76.32931 0, 99.8863 76.11407 0, 99.92048 75.89864 0, 99.95168 75.6829 0, 99.97884 75.46671 0, 100.0009 75.24992 0, 100.0169 75.03242 0, 100.0257 74.81408 0, 100.0263 74.59476 0, 100.0635 74.29449 0, 100.1049 73.99471 0, 100.1495 73.69527 0, 100.196 73.39608 0, 100.2434 73.097 0, 100.2905 72.7979 0, 100.3361 72.49868 0, 100.3793 72.1992 0, 100.4187 71.89933 0, 100.4534 71.59896 0, 100.4822 71.29796 0, 100.5039 70.99621 0, 100.5174 70.69358 0, 100.5216 70.38995 0, 100.5551 69.90839 0, 100.6161 69.42858 0, 100.7046 68.95254 0, 100.8203 68.48223 0, 100.9631 68.01966 0, 101.133 67.5668 0, 101.3298 67.12566 0, 101.5533 66.69821 0, 101.8034 66.28644 0, 102.0801 65.89234 0, 102.3831 65.51791 0, 102.7124 65.16511 0, 103.0678 64.83595 0, 103.4492 64.53242 0, 103.6377 64.39796 0, 103.8289 64.2673 0, 104.0221 64.13954 0, 104.2166 64.01375 0, 104.4119 63.88901 0, 104.6073 63.7644 0, 104.8021 63.639 0, 104.9957 63.5119 0, 105.1874 63.38218 0, 105.3766 63.24891 0, 105.5627 63.11117 0, 105.745 62.96805 0, 105.9228 62.81863 0, 106.0956 62.66198 0, 106.1313 62.59807 0, 106.1797 62.54609 0, 106.2383 62.50401 0, 106.3046 62.46983 0, 106.3762 62.44153 0, 106.4506 62.4171 0, 106.5252 62.39453 0, 106.5977 62.3718 0, 106.6654 62.34689 0, 106.7261 62.3178 0, 106.777 62.28252 0, 106.8159 62.23902 0, 106.8402 62.1853 0, 106.8474 62.11934 0'/>
        </IndexedLineSet>
      </Shape>
      <Shape>
        <IndexedLineSet DEF='o'
            coordIndex='0, 1, 2, 3, 4, 5, 6, 7, 8, 9, 10, 11, 12, 13, 14, 15, 16, 17, 18, 19, 20, 21, 22, 23, 24, 25, 26, 27, 28, 29, 30, 31, 32, 33, 34, 35, 36, 37, 38, 39, 40, 41, 42, 43, 44, 45, 46, 47, 48, 49, 50, 51, 52, 53, 54, 55, 56, 57, 58, 59, 60, 61, 62, 63, 64, 65, 66, 67, 68, 69, 70, 71, 72, 73, 74, 75, 76, 77, 78, 79, 80, 81, 82, 83, 84, 85, 86, 87, 88, 89, 90, 91, 92, 93, 94, 95, 96, 97, 98, 99, 100, 101, 102, 103, 104, 105, 106, 107, 108, 109, 110, 111, 112, 113, 114, 115, 116, 117, 118, 119, 120, 121, 122, 123, 124, 125, 126, 127, 128, 129, 130, 131, 132, 133, 134, 135, 136, 137, 138, 139, 140, 141, 142, 143, 144, 145, 146, 147, 148, 149, 150, 151, 152, 153, 154, 155, 156, 157, 158, 159, 160, 161, 162, 163, 164, 165, 166, 167, 168, 169, 170, 171, 172, 173, 174, 175, 176, 177, 178, 179, 180, 181, 182, 183, 184, 185, 186, 187, 188, 189, 190, 191, 192, 193, 194, 195, 196, 197, 198, 199, 200, 201, 202, 203, 204, 205, 206, 207, 208, 209, 210, 211, 212, 213, 214, 215, 216, 217, 218, 219, 220, 221, 222, 223, 224, 225, 226, 227, 228, 229, 230, 231, 232, 233, 234, 235, 236, 237, 238, -1'>
          <Coordinate
              point='117.6456 64.08797 0, 117.4223 64.23652 0, 117.1896 64.36758 0, 116.9492 64.48448 0, 116.703 64.59052 0, 116.4529 64.68902 0, 116.2006 64.78329 0, 115.948 64.87664 0, 115.6968 64.9724 0, 115.449 65.07387 0, 115.2063 65.18436 0, 114.9705 65.30721 0, 114.7435 65.4457 0, 114.5271 65.60316 0, 114.3231 65.78292 0, 114.0981 65.89564 0, 113.8849 66.02224 0, 113.6825 66.16152 0, 113.49 66.31229 0, 113.3067 66.47332 0, 113.1316 66.64343 0, 112.9639 66.82142 0, 112.8026 67.00608 0, 112.6471 67.19621 0, 112.4963 67.39059 0, 112.3494 67.58804 0, 112.2056 67.78736 0, 112.064 67.98734 0, 111.9237 68.18677 0, 111.6705 68.51483 0, 111.4361 68.8539 0, 111.2189 69.20294 0, 111.0173 69.56087 0, 110.8299 69.92663 0, 110.6552 70.29917 0, 110.4915 70.67743 0, 110.3374 71.06035 0, 110.1914 71.44687 0, 110.0519 71.83593 0, 109.9174 72.22647 0, 109.7864 72.61743 0, 109.6573 73.00777 0, 109.5286 73.39639 0, 109.5194 73.35909 0, 109.5039 73.37022 0, 109.4829 73.42384 0, 109.4574 73.51396 0, 109.4281 73.63461 0, 109.3962 73.77983 0, 109.3623 73.94363 0, 109.3275 74.12003 0, 109.2927 74.30308 0, 109.2587 74.48679 0, 109.2265 74.66519 0, 109.197 74.83231 0, 109.171 74.98219 0, 109.1495 75.10883 0, 109.0725 75.39344 0, 108.9922 75.67725 0, 108.9092 75.96041 0, 108.8242 76.2431 0, 108.7378 76.52549 0, 108.6508 76.80775 0, 108.5638 77.09007 0, 108.4774 77.37258 0, 108.3923 77.65549 0, 108.3092 77.93894 0, 108.2288 78.22312 0, 108.1518 78.5082 0, 108.0787 78.79434 0, 108.0103 79.08173 0, 108.0188 79.33273 0, 108.0248 79.58897 0, 108.0313 79.84863 0, 108.0413 80.10983 0, 108.0578 80.37075 0, 108.0837 80.62952 0, 108.122 80.88432 0, 108.1758 81.13328 0, 108.248 81.37456 0, 108.3416 81.60632 0, 108.4597 81.8267 0, 108.6051 82.03387 0, 108.7809 82.22596 0, 108.99 82.40115 0, 109.1346 82.57616 0, 109.2879 82.73986 0, 109.4493 82.89278 0, 109.6182 83.03546 0, 109.794 83.16847 0, 109.9761 83.29234 0, 110.164 83.40762 0, 110.357 83.51486 0, 110.5546 83.61461 0, 110.7561 83.70741 0, 110.961 83.7938 0, 111.1687 83.87434 0, 111.3785 83.94958 0, 111.59 84.02005 0, 111.874 84.1124 0, 112.1604 84.19817 0, 112.4489 84.27737 0, 112.7393 84.35001 0, 113.0314 84.41608 0, 113.3249 84.47557 0, 113.6198 84.5285 0, 113.9157 84.57487 0, 114.2124 84.61468 0, 114.5097 84.64792 0, 114.8075 84.6746 0, 115.1054 84.69472 0, 115.4033 84.70827 0, 115.7009 84.71528 0, 115.9539 84.64857 0, 116.2023 84.56941 0, 116.4465 84.47906 0, 116.687 84.37872 0, 116.9241 84.26963 0, 117.1582 84.15302 0, 117.3897 84.03011 0, 117.6189 83.90215 0, 117.8462 83.77034 0, 118.072 83.63592 0, 118.2967 83.50012 0, 118.5206 83.36417 0, 118.7442 83.2293 0, 118.9677 83.09673 0, 119.1707 82.93769 0, 119.3636 82.76842 0, 119.5476 82.5901 0, 119.7237 82.40392 0, 119.8932 82.21102 0, 120.0571 82.01261 0, 120.2165 81.80985 0, 120.3726 81.60393 0, 120.5266 81.39601 0, 120.6795 81.18729 0, 120.8324 80.97891 0, 120.9866 80.77208 0, 121.1431 80.56796 0, 121.3031 80.36774 0, 121.5184 80.08767 0, 121.7252 79.80215 0, 121.9236 79.51145 0, 122.1139 79.21587 0, 122.2966 78.9157 0, 122.4719 78.61121 0, 122.6401 78.3027 0, 122.8016 77.99046 0, 122.9566 77.67477 0, 123.1054 77.35591 0, 123.2484 77.03419 0, 123.3859 76.70988 0, 123.5182 76.38328 0, 123.6455 76.05466 0, 123.7573 75.76627 0, 123.8393 75.47327 0, 123.8961 75.17632 0, 123.9319 74.87606 0, 123.9514 74.57316 0, 123.9588 74.26826 0, 123.9586 73.96203 0, 123.9552 73.65511 0, 123.9531 73.34815 0, 123.9566 73.04183 0, 123.9702 72.73678 0, 123.9983 72.43366 0, 124.0453 72.13313 0, 124.1157 71.83584 0, 124.1422 71.3521 0, 124.1286 70.87382 0, 124.0778 70.40121 0, 123.9929 69.93448 0, 123.8771 69.47382 0, 123.7334 69.01941 0, 123.565 68.57147 0, 123.3748 68.1302 0, 123.166 67.69578 0, 122.9416 67.26842 0, 122.7047 66.84831 0, 122.4585 66.43565 0, 122.2059 66.03065 0, 121.9501 65.63351 0, 121.7348 65.32299 0, 121.4996 65.0329 0, 121.2462 64.76212 0, 120.9762 64.50954 0, 120.6913 64.27404 0, 120.393 64.05452 0, 120.0832 63.84985 0, 119.7633 63.65893 0, 119.4351 63.48064 0, 119.1001 63.31387 0, 118.7602 63.1575 0, 118.4168 63.01043 0, 118.0716 62.87153 0, 117.7264 62.7397 0, 117.6318 62.69923 0, 117.5116 62.64478 0, 117.3714 62.58077 0, 117.2168 62.51163 0, 117.0533 62.4418 0, 116.8866 62.37568 0, 116.7222 62.31771 0, 116.5656 62.27233 0, 116.4225 62.24396 0, 116.2984 62.23701 0, 116.1989 62.25594 0, 116.1296 62.30515 0, 116.0959 62.38908 0, 116.1036 62.51216 0, 116.4649 62.6701 0, 116.8308 62.81943 0, 117.2011 62.95949 0, 117.5754 63.0896 0, 117.9534 63.2091 0, 118.3347 63.31732 0, 118.7191 63.41359 0, 119.1062 63.49725 0, 119.4956 63.56762 0, 119.8871 63.62403 0, 120.2802 63.66583 0, 120.6747 63.69234 0, 121.0703 63.7029 0, 121.4665 63.69683 0, 121.5304 63.65264 0, 121.5966 63.61373 0, 121.6649 63.57941 0, 121.735 63.54899 0, 121.8065 63.52177 0, 121.8791 63.49704 0, 121.9525 63.47412 0, 122.0264 63.45231 0, 122.1005 63.43091 0, 122.1745 63.40923 0, 122.2481 63.38656 0, 122.3209 63.36221 0, 122.3928 63.33549 0, 122.4632 63.30569 0'/>
        </IndexedLineSet>
      </Shape>
      <Shape>
        <IndexedLineSet DEF='u'
            coordIndex='0, 1, 2, 3, 4, 5, 6, 7, 8, 9, 10, 11, 12, 13, 14, 15, 16, 17, 18, 19, 20, 21, 22, 23, 24, 25, 26, 27, 28, 29, 30, 31, 32, 33, 34, 35, 36, 37, 38, 39, 40, 41, 42, 43, 44, 45, 46, 47, 48, 49, 50, 51, 52, 53, 54, 55, 56, 57, 58, 59, 60, 61, 62, 63, 64, 65, 66, 67, 68, 69, 70, 71, 72, 73, 74, 75, 76, 77, 78, 79, 80, 81, 82, 83, 84, 85, 86, 87, 88, 89, 90, 91, 92, 93, 94, 95, 96, 97, 98, 99, 100, 101, 102, 103, 104, 105, 106, 107, 108, 109, 110, 111, 112, 113, 114, 115, 116, 117, 118, 119, 120, 121, 122, 123, 124, 125, 126, 127, 128, 129, 130, 131, 132, 133, 134, 135, 136, 137, 138, 139, 140, 141, 142, 143, 144, 145, 146, 147, 148, 149, 150, 151, 152, 153, 154, 155, 156, 157, 158, 159, 160, 161, 162, 163, 164, 165, 166, 167, 168, 169, 170, 171, 172, 173, 174, 175, 176, 177, 178, 179, 180, 181, 182, 183, 184, 185, 186, 187, 188, 189, 190, 191, 192, 193, 194, 195, 196, -1'>
          <Coordinate
              point='131.2679 62.91455 0, 131.0789 63.10104 0, 130.8994 63.29537 0, 130.7279 63.49639 0, 130.5631 63.70295 0, 130.4035 63.91393 0, 130.2479 64.12817 0, 130.0949 64.34456 0, 129.943 64.56193 0, 129.7909 64.77915 0, 129.6373 64.99509 0, 129.4808 65.2086 0, 129.3199 65.41854 0, 129.1534 65.62377 0, 128.9798 65.82316 0, 128.773 66.17382 0, 128.573 66.53048 0, 128.3814 66.89295 0, 128.1998 67.26102 0, 128.0297 67.63448 0, 127.8727 68.01312 0, 127.7302 68.39675 0, 127.6038 68.78516 0, 127.4951 69.17813 0, 127.4055 69.57546 0, 127.3367 69.97696 0, 127.2901 70.38242 0, 127.2674 70.79161 0, 127.2699 71.20435 0, 127.2677 71.5332 0, 127.2594 71.86169 0, 127.246 72.1899 0, 127.2289 72.51788 0, 127.2091 72.8457 0, 127.1879 73.17343 0, 127.1664 73.50112 0, 127.1458 73.82884 0, 127.1273 74.15667 0, 127.1121 74.48465 0, 127.1013 74.81287 0, 127.0962 75.14137 0, 127.0979 75.47022 0, 127.1076 75.7995 0, 127.1172 76.26581 0, 127.1202 76.73277 0, 127.1188 77.20018 0, 127.1151 77.66788 0, 127.1111 78.13568 0, 127.1091 78.60339 0, 127.1111 79.07083 0, 127.1192 79.5378 0, 127.1356 80.00414 0, 127.1625 80.46966 0, 127.2019 80.93416 0, 127.2559 81.39746 0, 127.3267 81.85938 0, 127.4164 82.31975 0, 127.4339 82.52966 0, 127.4732 82.73357 0, 127.5331 82.92999 0, 127.6124 83.11745 0, 127.7102 83.29449 0, 127.8252 83.45963 0, 127.9565 83.6114 0, 128.1029 83.74834 0, 128.2633 83.86897 0, 128.4366 83.97182 0, 128.6218 84.0554 0, 128.8178 84.11828 0, 129.0234 84.15895 0, 129.2375 84.17596 0, 129.6086 84.18448 0, 129.977 84.17043 0, 130.343 84.13577 0, 130.7066 84.08245 0, 131.0677 84.01244 0, 131.4265 83.92767 0, 131.783 83.83012 0, 132.1373 83.72173 0, 132.4893 83.60448 0, 132.8392 83.48029 0, 133.187 83.35115 0, 133.5327 83.21899 0, 133.8764 83.08579 0, 134.2181 82.95349 0, 134.4672 82.82059 0, 134.7093 82.67617 0, 134.9443 82.521 0, 135.1726 82.35587 0, 135.3943 82.18156 0, 135.6097 81.99885 0, 135.8188 81.80853 0, 136.0218 81.61139 0, 136.2191 81.4082 0, 136.4106 81.19976 0, 136.5967 80.98684 0, 136.7775 80.77023 0, 136.9531 80.55071 0, 137.1239 80.32908 0, 137.3272 80.02827 0, 137.5325 79.72677 0, 137.7378 79.42393 0, 137.9411 79.11909 0, 138.1406 78.81161 0, 138.3342 78.50085 0, 138.5199 78.18613 0, 138.696 77.86681 0, 138.8603 77.54224 0, 139.011 77.21176 0, 139.1461 76.87474 0, 139.2636 76.53051 0, 139.3616 76.17842 0, 139.4382 75.81783 0, 139.5848 75.37141 0, 139.7002 74.92061 0, 139.7876 74.46596 0, 139.8508 74.00798 0, 139.893 73.5472 0, 139.9179 73.08416 0, 139.9288 72.61938 0, 139.9292 72.15339 0, 139.9226 71.68671 0, 139.9126 71.21988 0, 139.9024 70.75342 0, 139.8958 70.28786 0, 139.896 69.82373 0, 139.9065 69.36156 0, 139.9065 69.10594 0, 139.9064 68.85032 0, 139.9064 68.5947 0, 139.9064 68.33909 0, 139.9064 68.08347 0, 139.9063 67.82785 0, 139.9063 67.57224 0, 139.9063 67.31662 0, 139.9063 67.061 0, 139.9063 66.80539 0, 139.9063 66.54977 0, 139.9064 66.29415 0, 139.9064 66.03854 0, 139.9065 65.78292 0, 139.7401 66.0108 0, 139.5958 66.24856 0, 139.4714 66.49508 0, 139.3645 66.74926 0, 139.2729 67.00998 0, 139.1944 67.27614 0, 139.1268 67.54662 0, 139.0677 67.82033 0, 139.015 68.09614 0, 138.9664 68.37294 0, 138.9196 68.64964 0, 138.8724 68.9251 0, 138.8226 69.19824 0, 138.7679 69.46794 0, 138.7221 69.75037 0, 138.6841 70.03344 0, 138.6527 70.31705 0, 138.6268 70.60111 0, 138.605 70.88551 0, 138.5861 71.17014 0, 138.5688 71.45492 0, 138.5521 71.73973 0, 138.5345 72.02448 0, 138.5149 72.30905 0, 138.4921 72.59337 0, 138.4647 72.87731 0, 138.4316 73.16078 0, 138.3916 73.44369 0, 138.3567 73.86726 0, 138.3257 74.29142 0, 138.2988 74.71606 0, 138.2762 75.14108 0, 138.2579 75.56638 0, 138.2441 75.99188 0, 138.235 76.41748 0, 138.2308 76.84309 0, 138.2315 77.2686 0, 138.2374 77.69393 0, 138.2484 78.11898 0, 138.2649 78.54366 0, 138.287 78.96786 0, 138.3148 79.3915 0, 138.3486 79.59242 0, 138.3784 79.79403 0, 138.4049 79.99616 0, 138.4292 80.19868 0, 138.452 80.40141 0, 138.4743 80.60423 0, 138.497 80.80695 0, 138.521 81.00944 0, 138.5473 81.21154 0, 138.5767 81.4131 0, 138.6101 81.61397 0, 138.6484 81.81398 0, 138.6927 82.013 0, 138.7436 82.21085 0'/>
        </IndexedLineSet>
      </Shape>
      <Shape>
        <IndexedLineSet DEF='n'
            coordIndex='0, 1, 2, 3, 4, 5, 6, 7, 8, 9, 10, 11, 12, 13, 14, 15, 16, 17, 18, 19, 20, 21, 22, 23, 24, 25, 26, 27, 28, 29, 30, 31, 32, 33, 34, 35, 36, 37, 38, 39, 40, 41, 42, 43, 44, 45, 46, 47, 48, 49, 50, 51, 52, 53, 54, 55, 56, 57, 58, 59, 60, 61, 62, 63, 64, 65, 66, 67, 68, 69, 70, 71, 72, 73, 74, 75, 76, 77, 78, 79, 80, 81, 82, 83, 84, 85, 86, 87, 88, 89, 90, 91, 92, 93, 94, 95, 96, 97, 98, 99, 100, 101, 102, 103, 104, 105, 106, 107, 108, 109, 110, 111, 112, 113, 114, 115, 116, 117, 118, 119, 120, 121, 122, 123, 124, 125, 126, 127, 128, 129, 130, 131, 132, 133, 134, 135, 136, 137, 138, 139, 140, 141, 142, 143, 144, 145, 146, 147, 148, 149, 150, 151, 152, 153, 154, 155, 156, 157, 158, 159, 160, 161, 162, 163, 164, 165, 166, 167, 168, 169, 170, 171, 172, 173, 174, 175, 176, 177, 178, 179, 180, 181, 182, 183, 184, 185, 186, 187, 188, 189, 190, 191, 192, 193, 194, 195, 196, 197, 198, 199, 200, 201, 202, 203, 204, 205, 206, 207, 208, 209, 210, 211, 212, 213, 214, 215, 216, 217, 218, 219, 220, 221, 222, 223, 224, 225, 226, 227, 228, 229, 230, 231, 232, 233, 234, 235, 236, 237, 238, 239, 240, 241, 242, 243, 244, 245, 246, 247, 248, 249, 250, 251, 252, 253, 254, 255, 256, 257, 258, 259, 260, 261, 262, 263, 264, 265, 266, 267, 268, 269, 270, 271, 272, 273, 274, 275, 276, 277, 278, 279, 280, 281, 282, 283, 284, 285, 286, 287, 288, 289, 290, 291, 292, 293, 294, 295, 296, 297, 298, 299, 300, 301, 302, 303, 304, 305, 306, 307, 308, 309, 310, 311, 312, 313, 314, 315, 316, 317, 318, 319, 320, 321, 322, 323, 324, 325, 326, 327, 328, 329, 330, 331, 332, 333, 334, 335, 336, 337, 338, 339, 340, 341, 342, 343, 344, 345, 346, 347, 348, 349, 350, 351, 352, 353, 354, 355, 356, 357, 358, 359, 360, 361, 362, 363, 364, 365, 366, 367, 368, 369, 370, 371, 372, 373, 374, 375, 376, 377, 378, 379, 380, 381, 382, 383, 384, 385, 386, 387, 388, 389, 390, 391, 392, 393, 394, 395, 396, 397, 398, 399, 400, 401, 402, 403, 404, 405, 406, 407, 408, 409, 410, 411, 412, 413, 414, 415, 416, 417, 418, 419, 420, 421, 422, 423, 424, 425, 426, 427, 428, 429, 430, 431, 432, 433, 434, 435, 436, 437, 438, 439, 440, 441, 442, 443, 444, 445, 446, 447, 448, 449, 450, 451, 452, 453, 454, 455, 456, 457, 458, 459, 460, 461, 462, 463, 464, 465, 466, 467, 468, 469, 470, 471, 472, 473, 474, 475, 476, 477, 478, 479, 480, 481, 482, 483, 484, 485, 486, 487, 488, 489, 490, 491, 492, 493, 494, 495, 496, 497, 498, 499, 500, 501, 502, 503, 504, 505, 506, 507, 508, 509, 510, 511, 512, 513, 514, 515, 516, 517, 518, 519, 520, 521, 522, 523, 524, 525, 526, 527, 528, 529, 530, 531, 532, 533, 534, 535, 536, 537, 538, 539, 540, 541, 542, 543, 544, 545, 546, 547, 548, 549, 550, 551, 552, 553, 554, 555, 556, 557, 558, 559, 560, 561, 562, 563, 564, 565, 566, 567, 568, 569, 570, 571, 572, 573, 574, 575, 576, 577, 578, 579, 580, 581, 582, 583, 584, 585, 586, 587, 588, 589, 590, 591, 592, 593, 594, 595, 596, 597, 598, 599, 600, 601, 602, 603, 604, 605, 606, 607, 608, 609, 610, 611, 612, 613, 614, 615, 616, 617, 618, 619, 620, 621, 622, 623, 624, 625, 626, 627, 628, 629, 630, 631, 632, 633, 634, 635, 636, 637, 638, 639, 640, 641, 642, 643, 644, 645, 646, 647, 648, 649, 650, 651, 652, 653, 654, 655, 656, 657, 658, 659, 660, 661, 662, 663, 664, 665, 666, 667, 668, 669, 670, 671, 672, 673, 674, 675, 676, 677, 678, 679, 680, 681, 682, 683, 684, 685, 686, 687, 688, 689, 690, 691, 692, 693, 694, 695, 696, 697, 698, 699, 700, 701, 702, 703, 704, 705, 706, 707, 708, 709, 710, 711, 712, 713, 714, 715, 716, 717, 718, 719, 720, 721, 722, 723, 724, 725, 726, 727, 728, 729, 730, 731, 732, 733, 734, 735, 736, 737, 738, 739, 740, 741, 742, 743, 744, 745, 746, 747, 748, 749, 750, 751, 752, 753, 754, 755, 756, 757, 758, 759, 760, 761, 762, 763, 764, 765, 766, 767, 768, 769, 770, 771, 772, 773, 774, 775, 776, 777, 778, 779, 780, 781, 782, 783, 784, 785, 786, 787, 788, 789, 790, 791, 792, 793, 794, 795, 796, 797, 798, 799, 800, 801, 802, 803, 804, 805, 806, 807, 808, 809, 810, 811, 812, 813, 814, 815, 816, 817, 818, 819, 820, 821, 822, 823, 824, 825, 826, 827, 828, 829, 830, 831, 832, 833, 834, 835, 836, 837, 838, 839, 840, 841, 842, 843, 844, 845, 846, 847, 848, 849, 850, 851, 852, 853, 854, 855, 856, 857, 858, 859, 860, 861, 862, 863, 864, 865, 866, 867, 868, 869, 870, 871, 872, 873, 874, 875, 876, 877, 878, 879, 880, 881, 882, 883, 884, 885, 886, 887, 888, 889, 890, 891, 892, 893, 894, 895, 896, 897, 898, 899, 900, 901, 902, 903, 904, 905, 906, 907, 908, 909, 910, 911, 912, 913, 914, 915, 916, 917, 918, 919, 920, 921, 922, 923, 924, 925, 926, 927, 928, 929, 930, 931, 932, 933, 934, 935, 936, 937, 938, 939, 940, 941, 942, 943, 944, 945, 946, 947, 948, 949, 950, 951, 952, 953, 954, 955, 956, 957, 958, 959, 960, 961, 962, 963, 964, 965, 966, 967, 968, 969, 970, 971, 972, 973, 974, 975, 976, 977, 978, 979, 980, 981, 982, 983, 984, 985, 986, 987, 988, 989, 990, 991, 992, 993, 994, 995, 996, 997, 998, 999, 1000, 1001, 1002, 1003, 1004, 1005, 1006, 1007, 1008, 1009, 1010, 1011, 1012, 1013, 1014, 1015, 1016, 1017, 1018, 1019, 1020, 1021, 1022, 1023, 1024, 1025, 1026, 1027, 1028, 1029, 1030, 1031, 1032, 1033, 1034, 1035, 1036, 1037, 1038, 1039, 1040, 1041, 1042, 1043, 1044, 1045, 1046, 1047, 1048, 1049, 1050, 1051, 1052, 1053, 1054, 1055, 1056, 1057, 1058, 1059, 1060, 1061, 1062, 1063, 1064, 1065, 1066, 1067, 1068, 1069, 1070, 1071, 1072, 1073, 1074, 1075, 1076, 1077, 1078, 1079, 1080, 1081, 1082, 1083, 1084, 1085, 1086, 1087, 1088, 1089, 1090, 1091, 1092, 1093, 1094, 1095, 1096, 1097, 1098, 1099, 1100, 1101, 1102, 1103, 1104, 1105, 1106, 1107, 1108, 1109, 1110, 1111, 1112, 1113, 1114, 1115, 1116, 1117, 1118, 1119, 1120, 1121, 1122, 1123, 1124, 1125, 1126, 1127, 1128, 1129, 1130, 1131, 1132, 1133, 1134, 1135, 1136, 1137, 1138, 1139, 1140, 1141, 1142, 1143, 1144, 1145, 1146, 1147, 1148, 1149, 1150, 1151, 1152, 1153, 1154, 1155, 1156, 1157, 1158, 1159, 1160, 1161, 1162, 1163, 1164, 1165, 1166, 1167, 1168, 1169, 1170, 1171, 1172, 1173, 1174, 1175, 1176, 1177, 1178, 1179, 1180, 1181, 1182, 1183, 1184, 1185, 1186, 1187, 1188, 1189, 1190, 1191, 1192, 1193, 1194, 1195, 1196, 1197, 1198, 1199, 1200, 1201, 1202, 1203, 1204, 1205, 1206, 1207, 1208, 1209, 1210, 1211, 1212, 1213, 1214, 1215, 1216, 1217, 1218, 1219, 1220, 1221, 1222, 1223, 1224, 1225, 1226, 1227, 1228, 1229, 1230, 1231, 1232, 1233, 1234, 1235, 1236, 1237, 1238, 1239, 1240, 1241, 1242, 1243, 1244, 1245, 1246, 1247, 1248, 1249, 1250, 1251, 1252, 1253, 1254, 1255, 1256, 1257, 1258, 1259, 1260, 1261, 1262, 1263, 1264, 1265, 1266, 1267, 1268, 1269, 1270, 1271, 1272, 1273, 1274, 1275, 1276, 1277, 1278, 1279, 1280, 1281, 1282, 1283, 1284, 1285, 1286, 1287, 1288, 1289, 1290, 1291, 1292, 1293, 1294, 1295, 1296, 1297, 1298, 1299, 1300, 1301, 1302, 1303, 1304, 1305, 1306, 1307, 1308, 1309, 1310, 1311, 1312, 1313, 1314, 1315, 1316, 1317, 1318, 1319, 1320, 1321, 1322, 1323, 1324, 1325, 1326, 1327, 1328, 1329, 1330, 1331, 1332, 1333, 1334, 1335, 1336, 1337, 1338, 1339, 1340, 1341, 1342, 1343, 1344, -1'>
          <Coordinate
              point='146.3853 62.15462 0, 146.3351 62.31231 0, 146.2952 62.43644 0, 146.264 62.53328 0, 146.24 62.60912 0, 146.2217 62.67027 0, 146.2074 62.72299 0, 146.1957 62.77359 0, 146.185 62.82835 0, 146.1736 62.89355 0, 146.1601 62.9755 0, 146.1428 63.08047 0, 146.1203 63.21476 0, 146.0909 63.38465 0, 146.0531 63.59643 0, 146.0408 63.66193 0, 146.0278 63.72738 0, 146.0143 63.79278 0, 146.0005 63.85816 0, 145.9865 63.92352 0, 145.9727 63.98889 0, 145.959 64.05428 0, 145.9458 64.11971 0, 145.9333 64.1852 0, 145.9216 64.25074 0, 145.9109 64.31638 0, 145.9015 64.38212 0, 145.8934 64.44797 0, 145.887 64.51395 0, 145.8819 64.58871 0, 145.8791 64.66354 0, 145.8783 64.73842 0, 145.8789 64.81333 0, 145.8807 64.88828 0, 145.8833 64.96323 0, 145.8863 65.03821 0, 145.8893 65.11319 0, 145.8919 65.18816 0, 145.8939 65.26311 0, 145.8947 65.33803 0, 145.8941 65.41292 0, 145.8916 65.48775 0, 145.887 65.56255 0, 145.8799 65.63779 0, 145.8707 65.71288 0, 145.8597 65.78785 0, 145.8474 65.86271 0, 145.834 65.93749 0, 145.8199 66.01221 0, 145.8054 66.08691 0, 145.7908 66.16161 0, 145.7765 66.23633 0, 145.7628 66.3111 0, 145.7501 66.38593 0, 145.7386 66.46087 0, 145.7287 66.53593 0, 145.7209 66.61114 0, 145.7135 66.70455 0, 145.7084 66.79803 0, 145.7052 66.89156 0, 145.7036 66.98515 0, 145.7034 67.07877 0, 145.7043 67.17241 0, 145.706 67.26609 0, 145.7084 67.35978 0, 145.7111 67.45348 0, 145.7139 67.54718 0, 145.7166 67.64088 0, 145.7188 67.73457 0, 145.7203 67.82823 0, 145.7209 67.92188 0, 145.7209 68.05295 0, 145.7209 68.18402 0, 145.7209 68.31509 0, 145.7209 68.44617 0, 145.7209 68.57724 0, 145.7209 68.70832 0, 145.7209 68.83939 0, 145.7209 68.97047 0, 145.7209 69.10154 0, 145.7209 69.23261 0, 145.7209 69.36369 0, 145.7209 69.49476 0, 145.7209 69.62583 0, 145.7209 69.75691 0, 145.7209 69.80372 0, 145.7209 69.85053 0, 145.7209 69.89735 0, 145.7209 69.94415 0, 145.7209 69.99097 0, 145.7209 70.03778 0, 145.7209 70.08459 0, 145.7209 70.1314 0, 145.7209 70.17822 0, 145.7209 70.22503 0, 145.7209 70.27184 0, 145.7209 70.31865 0, 145.7209 70.36546 0, 145.7209 70.41228 0, 145.7212 70.44038 0, 145.7221 70.46852 0, 145.7234 70.49668 0, 145.7249 70.52486 0, 145.7266 70.55304 0, 145.7282 70.58121 0, 145.7296 70.60938 0, 145.7307 70.63753 0, 145.7312 70.66565 0, 145.7311 70.69373 0, 145.7301 70.72176 0, 145.7282 70.74974 0, 145.7252 70.77766 0, 145.7209 70.8055 0, 145.7129 70.84356 0, 145.7032 70.88133 0, 145.6919 70.91888 0, 145.6794 70.95624 0, 145.6661 70.99345 0, 145.6521 71.03057 0, 145.6378 71.06765 0, 145.6235 71.10472 0, 145.6095 71.14185 0, 145.5961 71.17906 0, 145.5836 71.21642 0, 145.5724 71.25396 0, 145.5627 71.29174 0, 145.5547 71.3298 0, 145.5504 71.35764 0, 145.5473 71.38555 0, 145.5454 71.41354 0, 145.5444 71.44157 0, 145.5443 71.46965 0, 145.5449 71.49776 0, 145.5459 71.52591 0, 145.5473 71.55408 0, 145.5489 71.58226 0, 145.5506 71.61044 0, 145.5522 71.63861 0, 145.5535 71.66677 0, 145.5544 71.69491 0, 145.5547 71.72301 0, 145.5547 71.76983 0, 145.5547 71.81664 0, 145.5547 71.86346 0, 145.5547 71.91026 0, 145.5547 71.95708 0, 145.5547 72.00389 0, 145.5547 72.0507 0, 145.5547 72.09751 0, 145.5547 72.14433 0, 145.5547 72.19114 0, 145.5547 72.23795 0, 145.5547 72.28476 0, 145.5547 72.33157 0, 145.5547 72.37839 0, 145.5547 72.53755 0, 145.5547 72.69671 0, 145.5547 72.85587 0, 145.5547 73.01503 0, 145.5547 73.17419 0, 145.5547 73.33335 0, 145.5547 73.49252 0, 145.5547 73.65168 0, 145.5547 73.81084 0, 145.5547 73.97 0, 145.5547 74.12916 0, 145.5547 74.28832 0, 145.5547 74.44748 0, 145.5547 74.60664 0, 145.5547 74.74708 0, 145.5547 74.88752 0, 145.5547 75.02795 0, 145.5547 75.16839 0, 145.5547 75.30882 0, 145.5547 75.44926 0, 145.5547 75.5897 0, 145.5547 75.73013 0, 145.5547 75.87057 0, 145.5547 76.01101 0, 145.5547 76.15144 0, 145.5547 76.29188 0, 145.5547 76.43232 0, 145.5547 76.57275 0, 145.554 76.62897 0, 145.5522 76.68524 0, 145.5496 76.74156 0, 145.5465 76.79791 0, 145.5432 76.85427 0, 145.5399 76.91063 0, 145.5371 76.96696 0, 145.535 77.02325 0, 145.5339 77.07949 0, 145.5342 77.13565 0, 145.5361 77.19172 0, 145.5399 77.24768 0, 145.546 77.3035 0, 145.5547 77.3592 0, 145.5611 77.3883 0, 145.5695 77.41701 0, 145.5796 77.4454 0, 145.5911 77.47352 0, 145.6037 77.50143 0, 145.6171 77.52918 0, 145.6312 77.55683 0, 145.6454 77.58444 0, 145.6597 77.61208 0, 145.6737 77.63977 0, 145.6871 77.66759 0, 145.6996 77.69561 0, 145.7109 77.72386 0, 145.7209 77.75242 0, 145.7272 77.7821 0, 145.7316 77.82363 0, 145.7344 77.87507 0, 145.7358 77.93446 0, 145.7359 77.99988 0, 145.7352 78.06937 0, 145.7336 78.14099 0, 145.7316 78.21281 0, 145.7292 78.28287 0, 145.7268 78.34923 0, 145.7245 78.40995 0, 145.7226 78.4631 0, 145.7213 78.50671 0, 145.7209 78.53886 0, 145.7209 78.66994 0, 145.7209 78.80101 0, 145.7209 78.93208 0, 145.7209 79.06316 0, 145.7209 79.19424 0, 145.7209 79.32531 0, 145.7209 79.45638 0, 145.7209 79.58746 0, 145.7209 79.71853 0, 145.7209 79.8496 0, 145.7209 79.98067 0, 145.7209 80.11175 0, 145.7209 80.24283 0, 145.7209 80.3739 0, 145.7209 80.46752 0, 145.7209 80.56115 0, 145.7209 80.65477 0, 145.7209 80.7484 0, 145.7209 80.84202 0, 145.7209 80.93565 0, 145.7209 81.02927 0, 145.7209 81.12289 0, 145.7209 81.21651 0, 145.7209 81.31014 0, 145.7209 81.40376 0, 145.7209 81.49739 0, 145.7209 81.59101 0, 145.7209 81.68464 0, 145.7212 81.70071 0, 145.7222 81.72292 0, 145.7236 81.75019 0, 145.7253 81.78145 0, 145.7271 81.81562 0, 145.7288 81.85164 0, 145.7303 81.88844 0, 145.7314 81.92494 0, 145.732 81.96008 0, 145.7319 81.99279 0, 145.7309 82.022 0, 145.7288 82.04662 0, 145.7255 82.0656 0, 145.7209 82.07786 0, 145.7123 82.08915 0, 145.7019 82.09945 0, 145.69 82.10893 0, 145.6769 82.11777 0, 145.663 82.12613 0, 145.6486 82.1342 0, 145.6339 82.14214 0, 145.6195 82.15015 0, 145.6055 82.15836 0, 145.5924 82.16698 0, 145.5804 82.17618 0, 145.5699 82.18612 0, 145.5612 82.19698 0, 145.5547 82.20893 0, 145.5482 82.22683 0, 145.5437 82.24497 0, 145.5408 82.26333 0, 145.5394 82.28187 0, 145.5392 82.30057 0, 145.54 82.3194 0, 145.5416 82.33833 0, 145.5437 82.35732 0, 145.5461 82.37635 0, 145.5486 82.39539 0, 145.5509 82.41442 0, 145.5529 82.4334 0, 145.5542 82.45229 0, 145.5547 82.47108 0, 145.5547 82.52725 0, 145.5547 82.58343 0, 145.5547 82.6396 0, 145.5547 82.69578 0, 145.5547 82.75195 0, 145.5547 82.80813 0, 145.5547 82.8643 0, 145.5547 82.92048 0, 145.5547 82.97665 0, 145.5547 83.03283 0, 145.5547 83.089 0, 145.5547 83.14518 0, 145.5547 83.20135 0, 145.5547 83.25753 0, 145.5547 83.26688 0, 145.5547 83.27625 0, 145.5547 83.28561 0, 145.5547 83.29497 0, 145.5547 83.30433 0, 145.5547 83.3137 0, 145.5547 83.32306 0, 145.5547 83.33242 0, 145.5547 83.34179 0, 145.5547 83.35115 0, 145.5547 83.36051 0, 145.5547 83.36987 0, 145.5547 83.37923 0, 145.5547 83.3886 0, 145.5539 83.39857 0, 145.5518 83.40961 0, 145.5487 83.4214 0, 145.545 83.43368 0, 145.5411 83.44615 0, 145.5373 83.45852 0, 145.534 83.47051 0, 145.5315 83.48183 0, 145.5302 83.4922 0, 145.5305 83.50133 0, 145.5327 83.50893 0, 145.5373 83.5147 0, 145.5445 83.51838 0, 145.5547 83.51968 0, 145.5648 83.51836 0, 145.5715 83.51463 0, 145.5752 83.50878 0, 145.5766 83.5011 0, 145.5759 83.49188 0, 145.5737 83.48143 0, 145.5704 83.47003 0, 145.5665 83.45798 0, 145.5624 83.44558 0, 145.5585 83.43312 0, 145.5554 83.4209 0, 145.5534 83.4092 0, 145.553 83.39834 0, 145.5547 83.3886 0, 145.5645 83.36002 0, 145.5753 83.33169 0, 145.5871 83.30357 0, 145.5996 83.27562 0, 145.6126 83.24778 0, 145.626 83.22002 0, 145.6395 83.1923 0, 145.6529 83.16456 0, 145.666 83.13676 0, 145.6787 83.10887 0, 145.6908 83.08083 0, 145.7019 83.0526 0, 145.712 83.02412 0, 145.7209 82.99538 0, 145.7363 82.93974 0, 145.7511 82.88399 0, 145.7654 82.82815 0, 145.7793 82.77222 0, 145.7925 82.71619 0, 145.8052 82.6601 0, 145.8174 82.60392 0, 145.829 82.54767 0, 145.84 82.49136 0, 145.8506 82.43497 0, 145.8605 82.37854 0, 145.8699 82.32205 0, 145.8787 82.26551 0, 145.887 82.20893 0, 145.895 82.13705 0, 145.8988 82.0685 0, 145.8992 82.00266 0, 145.8969 81.93898 0, 145.8925 81.87686 0, 145.887 81.81571 0, 145.8809 81.75495 0, 145.8751 81.694 0, 145.8703 81.63226 0, 145.8672 81.56917 0, 145.8666 81.50412 0, 145.8692 81.43653 0, 145.8757 81.36583 0, 145.887 81.29142 0, 145.8936 81.26235 0, 145.9025 81.23372 0, 145.9133 81.20546 0, 145.9257 81.17748 0, 145.9393 81.14973 0, 145.9537 81.12214 0, 145.9685 81.09462 0, 145.9834 81.06711 0, 145.998 81.03954 0, 146.0119 81.01183 0, 146.0247 80.9839 0, 146.0361 80.95571 0, 146.0457 80.92716 0, 146.0531 80.89819 0, 146.06 80.85322 0, 146.0648 80.79513 0, 146.0678 80.72606 0, 146.0693 80.64812 0, 146.0695 80.56346 0, 146.0687 80.4742 0, 146.067 80.38245 0, 146.0648 80.29036 0, 146.0622 80.20005 0, 146.0596 80.11364 0, 146.0571 80.03326 0, 146.0551 79.96105 0, 146.0536 79.89912 0, 146.0531 79.8496 0, 146.0531 79.73725 0, 146.0531 79.6249 0, 146.0531 79.51255 0, 146.0531 79.40021 0, 146.0531 79.28786 0, 146.0531 79.17551 0, 146.0531 79.06316 0, 146.0531 78.95081 0, 146.0531 78.83846 0, 146.0531 78.72611 0, 146.0531 78.61376 0, 146.0531 78.50141 0, 146.0531 78.38906 0, 146.0531 78.27671 0, 146.0522 77.84524 0, 146.0501 77.56258 0, 146.0475 77.40491 0, 146.0452 77.34835 0, 146.0442 77.36906 0, 146.045 77.4432 0, 146.0487 77.5469 0, 146.0559 77.6563 0, 146.0675 77.74758 0, 146.0843 77.79686 0, 146.1071 77.7803 0, 146.1366 77.67405 0, 146.1737 77.45425 0, 146.2192 77.09705 0, 146.2257 77.03175 0, 146.2303 76.96637 0, 146.2332 76.90094 0, 146.2346 76.83545 0, 146.2348 76.76992 0, 146.234 76.70435 0, 146.2324 76.63876 0, 146.2303 76.57315 0, 146.2279 76.50752 0, 146.2254 76.4419 0, 146.223 76.37628 0, 146.2211 76.31067 0, 146.2197 76.24509 0, 146.2192 76.17953 0, 146.2197 76.12334 0, 146.221 76.06712 0, 146.2228 76.01086 0, 146.225 75.95461 0, 146.2274 75.89834 0, 146.2296 75.84207 0, 146.2316 75.78582 0, 146.2331 75.72959 0, 146.2339 75.67339 0, 146.2337 75.61722 0, 146.2324 75.5611 0, 146.2296 75.50503 0, 146.2253 75.44902 0, 146.2192 75.39309 0, 146.213 75.35487 0, 146.2042 75.317 0, 146.1933 75.27942 0, 146.1808 75.24207 0, 146.1669 75.2049 0, 146.1523 75.16785 0, 146.1371 75.13086 0, 146.1219 75.09387 0, 146.1071 75.05683 0, 146.0931 75.01968 0, 146.0803 74.98235 0, 146.069 74.9448 0, 146.0599 74.90697 0, 146.0531 74.86879 0, 146.0474 74.82223 0, 146.0435 74.77559 0, 146.041 74.72888 0, 146.0397 74.68213 0, 146.0396 74.63532 0, 146.0403 74.58848 0, 146.0416 74.54161 0, 146.0435 74.49471 0, 146.0456 74.44781 0, 146.0477 74.4009 0, 146.0498 74.354 0, 146.0515 74.30711 0, 146.0527 74.26025 0, 146.0531 74.21342 0, 146.0531 74.16661 0, 146.0531 74.1198 0, 146.0531 74.07298 0, 146.0531 74.02618 0, 146.0531 73.97936 0, 146.0531 73.93255 0, 146.0531 73.88573 0, 146.0531 73.83893 0, 146.0531 73.79211 0, 146.0531 73.7453 0, 146.0531 73.69849 0, 146.0531 73.65168 0, 146.0531 73.60487 0, 146.0531 73.55805 0, 146.0531 73.34272 0, 146.0531 73.12738 0, 146.0531 72.91205 0, 146.0531 72.69671 0, 146.0531 72.48138 0, 146.0531 72.26604 0, 146.0531 72.0507 0, 146.0531 71.83537 0, 146.0531 71.62003 0, 146.0531 71.40469 0, 146.0531 71.18936 0, 146.0531 70.97402 0, 146.0531 70.75869 0, 146.0531 70.54335 0, 146.0531 70.3561 0, 146.0531 70.16885 0, 146.0531 69.98161 0, 146.0531 69.79436 0, 146.0531 69.60711 0, 146.0531 69.41986 0, 146.0531 69.23261 0, 146.0531 69.04536 0, 146.0531 68.85812 0, 146.0531 68.67087 0, 146.0531 68.48362 0, 146.0531 68.29637 0, 146.0531 68.10912 0, 146.0531 67.92188 0, 146.0531 67.85634 0, 146.0531 67.79079 0, 146.0531 67.72526 0, 146.0531 67.65972 0, 146.0531 67.59418 0, 146.0531 67.52865 0, 146.0531 67.46311 0, 146.0531 67.39758 0, 146.0531 67.33204 0, 146.0531 67.2665 0, 146.0531 67.20097 0, 146.0531 67.13543 0, 146.0531 67.06989 0, 146.0531 67.00436 0, 146.0531 66.98563 0, 146.0531 66.9669 0, 146.0531 66.94818 0, 146.0531 66.92945 0, 146.0531 66.91073 0, 146.0531 66.89201 0, 146.0531 66.87328 0, 146.0531 66.85455 0, 146.0531 66.83583 0, 146.0531 66.81711 0, 146.0531 66.79838 0, 146.0531 66.77966 0, 146.0531 66.76093 0, 146.0531 66.74221 0, 146.0526 66.72342 0, 146.0513 66.70452 0, 146.0493 66.68555 0, 146.047 66.66652 0, 146.0445 66.64748 0, 146.0421 66.62844 0, 146.04 66.60945 0, 146.0384 66.59052 0, 146.0376 66.57169 0, 146.0378 66.55299 0, 146.0392 66.53445 0, 146.0421 66.5161 0, 146.0466 66.49796 0, 146.0531 66.48006 0, 146.0598 66.46815 0, 146.0688 66.45742 0, 146.0799 66.44766 0, 146.0925 66.43869 0, 146.1064 66.43031 0, 146.1211 66.42232 0, 146.1362 66.41452 0, 146.1512 66.40672 0, 146.1659 66.39874 0, 146.1798 66.39035 0, 146.1925 66.38138 0, 146.2035 66.37163 0, 146.2126 66.36089 0, 146.2192 66.34898 0, 146.2266 66.31961 0, 146.2305 66.27694 0, 146.2315 66.22327 0, 146.2302 66.16087 0, 146.2272 66.09207 0, 146.223 66.01914 0, 146.2183 65.94438 0, 146.2137 65.87009 0, 146.2096 65.79855 0, 146.2068 65.73207 0, 146.2058 65.67294 0, 146.2071 65.62344 0, 146.2114 65.58588 0, 146.2192 65.56255 0, 146.2276 65.55121 0, 146.2376 65.54078 0, 146.2489 65.53111 0, 146.2613 65.52206 0, 146.2745 65.51345 0, 146.2883 65.50515 0, 146.3023 65.497 0, 146.3163 65.48885 0, 146.33 65.48056 0, 146.3432 65.47195 0, 146.3556 65.4629 0, 146.367 65.45323 0, 146.377 65.4428 0, 146.3853 65.43147 0, 146.3938 65.41431 0, 146.3983 65.39644 0, 146.3996 65.37796 0, 146.3983 65.35899 0, 146.3951 65.33966 0, 146.3905 65.32009 0, 146.3853 65.3004 0, 146.3801 65.2807 0, 146.3756 65.26113 0, 146.3723 65.2418 0, 146.371 65.22283 0, 146.3723 65.20435 0, 146.3769 65.18647 0, 146.3853 65.16932 0, 146.3934 65.15782 0, 146.4027 65.14695 0, 146.4129 65.13663 0, 146.4239 65.12681 0, 146.4357 65.11738 0, 146.448 65.10828 0, 146.4608 65.09944 0, 146.4739 65.09077 0, 146.4871 65.08221 0, 146.5004 65.07367 0, 146.5137 65.06508 0, 146.5267 65.05636 0, 146.5393 65.04744 0, 146.5515 65.03825 0, 146.5871 65.01016 0, 146.6227 64.98207 0, 146.6583 64.95399 0, 146.6939 64.9259 0, 146.7295 64.89781 0, 146.7651 64.86972 0, 146.8007 64.84164 0, 146.8363 64.81355 0, 146.8719 64.78546 0, 146.9075 64.75737 0, 146.9431 64.72929 0, 146.9787 64.70119 0, 147.0143 64.67311 0, 147.0499 64.64502 0, 147.097 64.60728 0, 147.1436 64.56905 0, 147.1897 64.53047 0, 147.2357 64.49166 0, 147.2815 64.45277 0, 147.3274 64.41391 0, 147.3734 64.37524 0, 147.4199 64.33688 0, 147.4668 64.29896 0, 147.5144 64.26162 0, 147.5628 64.22499 0, 147.6122 64.18922 0, 147.6626 64.15441 0, 147.7144 64.12073 0, 147.7481 64.09997 0, 147.7823 64.0798 0, 147.8171 64.06018 0, 147.8523 64.04101 0, 147.8878 64.02222 0, 147.9236 64.00375 0, 147.9597 63.98552 0, 147.9959 63.96746 0, 148.0322 63.94949 0, 148.0685 63.93155 0, 148.1048 63.91356 0, 148.141 63.89545 0, 148.177 63.87715 0, 148.2127 63.85858 0, 148.2482 63.83961 0, 148.2833 63.82024 0, 148.3182 63.80057 0, 148.3529 63.78072 0, 148.3876 63.76079 0, 148.4224 63.7409 0, 148.4572 63.72115 0, 148.4923 63.70167 0, 148.5276 63.68256 0, 148.5633 63.66393 0, 148.5994 63.64589 0, 148.636 63.62855 0, 148.6732 63.61203 0, 148.7111 63.59643 0, 148.722 63.5931 0, 148.7333 63.5913 0, 148.745 63.59079 0, 148.757 63.5913 0, 148.7693 63.59259 0, 148.7817 63.59438 0, 148.7942 63.59643 0, 148.8066 63.59848 0, 148.819 63.60028 0, 148.8313 63.60156 0, 148.8433 63.60207 0, 148.855 63.60156 0, 148.8664 63.59977 0, 148.8772 63.59643 0, 148.8916 63.58981 0, 148.9048 63.58192 0, 148.9171 63.57298 0, 148.9286 63.5632 0, 148.9395 63.55278 0, 148.95 63.54195 0, 148.9603 63.5309 0, 148.9706 63.51985 0, 148.9812 63.50901 0, 148.9921 63.4986 0, 149.0035 63.48881 0, 149.0158 63.47987 0, 149.029 63.47198 0, 149.0434 63.46536 0, 149.0542 63.46202 0, 149.0656 63.46023 0, 149.0773 63.45972 0, 149.0893 63.46023 0, 149.1016 63.46151 0, 149.114 63.46331 0, 149.1264 63.46536 0, 149.1389 63.46741 0, 149.1513 63.4692 0, 149.1636 63.47049 0, 149.1756 63.471 0, 149.1873 63.47049 0, 149.1986 63.46869 0, 149.2095 63.46536 0, 149.3401 63.41062 0, 149.4133 63.373 0, 149.4398 63.34962 0, 149.4303 63.33758 0, 149.3954 63.33397 0, 149.3459 63.33591 0, 149.2925 63.34049 0, 149.2459 63.34481 0, 149.2168 63.34599 0, 149.2158 63.34112 0, 149.2538 63.3273 0, 149.3413 63.30164 0, 149.4891 63.26125 0, 149.7079 63.20321 0, 149.7306 63.19831 0, 149.7536 63.19527 0, 149.777 63.1938 0, 149.8006 63.19364 0, 149.8244 63.19451 0, 149.8483 63.19614 0, 149.8724 63.19824 0, 149.8966 63.20054 0, 149.9207 63.20278 0, 149.9449 63.20466 0, 149.9689 63.20592 0, 149.9928 63.20629 0, 150.0166 63.20547 0, 150.0401 63.20321 0, 150.0994 63.19385 0, 150.1588 63.18449 0, 150.2181 63.17513 0, 150.2774 63.16576 0, 150.3368 63.1564 0, 150.3961 63.14703 0, 150.4554 63.13767 0, 150.5148 63.12831 0, 150.5741 63.11895 0, 150.6334 63.10958 0, 150.6927 63.10022 0, 150.7521 63.09086 0, 150.8114 63.0815 0, 150.8707 63.07214 0, 150.8943 63.06249 0, 150.9177 63.05236 0, 150.9409 63.04189 0, 150.964 63.03119 0, 150.9871 63.0204 0, 151.0102 63.00967 0, 151.0334 62.9991 0, 151.0567 62.98884 0, 151.0802 62.97902 0, 151.104 62.96977 0, 151.1281 62.96121 0, 151.1526 62.95349 0, 151.1775 62.94673 0, 151.203 62.94106 0, 151.2732 62.92798 0, 151.3438 62.91624 0, 151.4146 62.90564 0, 151.4857 62.896 0, 151.557 62.88713 0, 151.6285 62.87882 0, 151.7001 62.8709 0, 151.7717 62.86316 0, 151.8433 62.85543 0, 151.9149 62.84749 0, 151.9863 62.83918 0, 152.0577 62.83028 0, 152.1288 62.82061 0, 152.1998 62.80999 0, 152.2476 62.8018 0, 152.2951 62.79255 0, 152.3425 62.78243 0, 152.3896 62.77169 0, 152.4367 62.76054 0, 152.4837 62.74921 0, 152.5308 62.73793 0, 152.5778 62.72691 0, 152.625 62.71637 0, 152.6723 62.70656 0, 152.7199 62.69768 0, 152.7677 62.68996 0, 152.8158 62.68364 0, 152.8642 62.67891 0, 152.9351 62.6741 0, 153.0061 62.6707 0, 153.0772 62.66856 0, 153.1483 62.66751 0, 153.2195 62.66737 0, 153.2907 62.66796 0, 153.362 62.66913 0, 153.4333 62.6707 0, 153.5046 62.6725 0, 153.5759 62.67435 0, 153.6472 62.67609 0, 153.7185 62.67754 0, 153.7898 62.67854 0, 153.861 62.67891 0, 153.9915 62.67891 0, 154.1221 62.67891 0, 154.2526 62.67891 0, 154.3831 62.67891 0, 154.5136 62.67891 0, 154.6442 62.67891 0, 154.7747 62.67891 0, 154.9052 62.67891 0, 155.0358 62.67891 0, 155.1663 62.67891 0, 155.2968 62.67891 0, 155.4273 62.67891 0, 155.5579 62.67891 0, 155.6884 62.67891 0, 155.7495 62.67891 0, 155.8122 62.67891 0, 155.8765 62.67891 0, 155.9424 62.67891 0, 156.0098 62.67891 0, 156.0788 62.67891 0, 156.1493 62.67891 0, 156.2214 62.67891 0, 156.295 62.67891 0, 156.37 62.67891 0, 156.4466 62.67891 0, 156.5247 62.67891 0, 156.6042 62.67891 0, 156.6851 62.67891 0, 156.7089 62.67861 0, 156.7328 62.6778 0, 156.7567 62.67662 0, 156.7807 62.67521 0, 156.8046 62.6737 0, 156.8286 62.67224 0, 156.8525 62.67097 0, 156.8764 62.67002 0, 156.9002 62.66953 0, 156.9239 62.66965 0, 156.9475 62.67051 0, 156.971 62.67224 0, 156.9943 62.675 0, 157.0174 62.67891 0, 157.0537 62.68629 0, 157.09 62.69403 0, 157.1261 62.70213 0, 157.162 62.71058 0, 157.1979 62.71934 0, 157.2337 62.72841 0, 157.2693 62.73777 0, 157.3048 62.74741 0, 157.3403 62.7573 0, 157.3756 62.76743 0, 157.4108 62.77778 0, 157.4459 62.78833 0, 157.4809 62.79908 0, 157.5158 62.80999 0, 157.5406 62.81762 0, 157.5658 62.82505 0, 157.5912 62.83239 0, 157.6166 62.83976 0, 157.642 62.84727 0, 157.6672 62.85506 0, 157.6922 62.86322 0, 157.7167 62.87189 0, 157.7407 62.88118 0, 157.764 62.89121 0, 157.7865 62.9021 0, 157.8081 62.91395 0, 157.8286 62.9269 0, 157.848 62.94106 0, 157.8656 62.95649 0, 157.8812 62.97307 0, 157.8949 62.99063 0, 157.9072 63.00903 0, 157.9183 63.02808 0, 157.9285 63.04765 0, 157.9381 63.06756 0, 157.9475 63.08766 0, 157.9568 63.10778 0, 157.9665 63.12778 0, 157.9767 63.14748 0, 157.9879 63.16672 0, 158.0003 63.18535 0, 158.0141 63.20321 0, 158.0238 63.214 0, 158.0341 63.22437 0, 158.045 63.23436 0, 158.0564 63.24404 0, 158.0682 63.25344 0, 158.0803 63.26263 0, 158.0927 63.27164 0, 158.1053 63.28054 0, 158.118 63.28938 0, 158.1307 63.29819 0, 158.1434 63.30704 0, 158.1559 63.31597 0, 158.1682 63.32504 0, 158.1803 63.33429 0, 158.1919 63.34388 0, 158.2032 63.35385 0, 158.2143 63.36411 0, 158.2252 63.37454 0, 158.236 63.38505 0, 158.2469 63.39552 0, 158.2578 63.40584 0, 158.2691 63.41592 0, 158.2806 63.42566 0, 158.2925 63.43493 0, 158.305 63.44365 0, 158.3181 63.45169 0, 158.3318 63.45897 0, 158.3464 63.46536 0, 158.3573 63.46869 0, 158.3686 63.47049 0, 158.3803 63.471 0, 158.3923 63.47049 0, 158.4046 63.4692 0, 158.417 63.46741 0, 158.4294 63.46536 0, 158.4419 63.46331 0, 158.4543 63.46151 0, 158.4666 63.46023 0, 158.4786 63.45972 0, 158.4903 63.46023 0, 158.5016 63.46202 0, 158.5125 63.46536 0, 158.5271 63.47175 0, 158.5409 63.47903 0, 158.554 63.48707 0, 158.5664 63.49578 0, 158.5784 63.50506 0, 158.5899 63.51479 0, 158.6011 63.52488 0, 158.6121 63.53521 0, 158.6229 63.54567 0, 158.6338 63.55618 0, 158.6446 63.56661 0, 158.6557 63.57687 0, 158.667 63.58685 0, 158.6786 63.59643 0, 158.6908 63.60563 0, 158.7034 63.61455 0, 158.7164 63.62327 0, 158.7297 63.63186 0, 158.743 63.6404 0, 158.7563 63.64896 0, 158.7693 63.65763 0, 158.7821 63.66647 0, 158.7945 63.67557 0, 158.8062 63.685 0, 158.8172 63.69483 0, 158.8275 63.70514 0, 158.8367 63.71601 0, 158.8448 63.72751 0, 158.8491 63.73605 0, 158.8517 63.7449 0, 158.8527 63.754 0, 158.8526 63.76333 0, 158.8514 63.77282 0, 158.8497 63.78245 0, 158.8475 63.79215 0, 158.8452 63.80189 0, 158.8431 63.81162 0, 158.8415 63.8213 0, 158.8405 63.83088 0, 158.8406 63.84032 0, 158.8419 63.84957 0, 158.8448 63.85858 0, 158.8539 63.87821 0, 158.8643 63.89742 0, 158.8757 63.91628 0, 158.888 63.93487 0, 158.9009 63.95325 0, 158.9143 63.97149 0, 158.9279 63.98965 0, 158.9414 64.00782 0, 158.9548 64.02606 0, 158.9677 64.04444 0, 158.98 64.06303 0, 158.9914 64.08189 0, 159.0018 64.1011 0, 159.0109 64.12073 0, 159.0139 64.12969 0, 159.0157 64.13882 0, 159.0164 64.14806 0, 159.0162 64.15742 0, 159.0153 64.16687 0, 159.014 64.17638 0, 159.0124 64.18591 0, 159.0107 64.19547 0, 159.0092 64.20502 0, 159.0081 64.21453 0, 159.0074 64.22399 0, 159.0076 64.23337 0, 159.0087 64.24265 0, 159.0109 64.2518 0, 159.0208 64.28036 0, 159.032 64.30864 0, 159.0443 64.33668 0, 159.0574 64.36453 0, 159.0711 64.39227 0, 159.0851 64.41993 0, 159.0991 64.44757 0, 159.1129 64.47524 0, 159.1263 64.50301 0, 159.1389 64.53091 0, 159.1506 64.55901 0, 159.161 64.58736 0, 159.1699 64.61601 0, 159.177 64.64502 0, 159.1816 64.67281 0, 159.1839 64.70077 0, 159.1843 64.72885 0, 159.1833 64.75703 0, 159.1811 64.78529 0, 159.1782 64.8136 0, 159.175 64.84192 0, 159.1719 64.87023 0, 159.1693 64.8985 0, 159.1675 64.9267 0, 159.167 64.9548 0, 159.1682 64.98278 0, 159.1714 65.0106 0, 159.177 65.03825 0, 159.1832 65.05853 0, 159.191 65.07835 0, 159.2003 65.09776 0, 159.2109 65.11683 0, 159.2226 65.1356 0, 159.2352 65.15413 0, 159.2484 65.17248 0, 159.2622 65.1907 0, 159.2762 65.20884 0, 159.2903 65.22697 0, 159.3042 65.24513 0, 159.3178 65.26338 0, 159.3308 65.28179 0, 159.3432 65.30039 0, 159.3555 65.3284 0, 159.3685 65.35627 0, 159.3821 65.38404 0, 159.396 65.41174 0, 159.41 65.43943 0, 159.424 65.46712 0, 159.4377 65.49487 0, 159.4509 65.5227 0, 159.4635 65.55065 0, 159.4752 65.57877 0, 159.4858 65.60709 0, 159.4952 65.63564 0, 159.5031 65.66447 0, 159.5093 65.69362 0, 159.5151 65.73074 0, 159.5191 65.76796 0, 159.5217 65.80527 0, 159.523 65.84264 0, 159.5232 65.88009 0, 159.5224 65.91758 0, 159.521 65.95511 0, 159.5191 65.99266 0, 159.517 66.03024 0, 159.5148 66.0678 0, 159.5127 66.10537 0, 159.5109 66.14292 0, 159.5097 66.18044 0, 159.5093 66.21791 0, 159.5093 66.24691 0, 159.5093 66.29521 0, 159.5093 66.35941 0, 159.5093 66.43606 0, 159.5093 66.52175 0, 159.5093 66.61307 0, 159.5093 66.70658 0, 159.5093 66.79887 0, 159.5093 66.88653 0, 159.5093 66.96612 0, 159.5093 67.03423 0, 159.5093 67.08743 0, 159.5093 67.1223 0, 159.5093 67.13543 0, 159.5093 67.37885 0, 159.5093 67.62228 0, 159.5093 67.8657 0, 159.5093 68.10912 0, 159.5093 68.35255 0, 159.5093 68.59597 0, 159.5093 68.83939 0, 159.5093 69.08282 0, 159.5093 69.32623 0, 159.5093 69.56966 0, 159.5093 69.81308 0, 159.5093 70.0565 0, 159.5093 70.29993 0, 159.5093 70.54335 0, 159.5093 70.74933 0, 159.5093 70.9553 0, 159.5093 71.16127 0, 159.5093 71.36725 0, 159.5093 71.57322 0, 159.5093 71.77919 0, 159.5093 71.98516 0, 159.5093 72.19114 0, 159.5093 72.39711 0, 159.5093 72.60309 0, 159.5093 72.80906 0, 159.5093 73.01503 0, 159.5093 73.22101 0, 159.5093 73.42698 0, 159.5093 73.50188 0, 159.5093 73.57677 0, 159.5093 73.65168 0, 159.5093 73.72658 0, 159.5093 73.80148 0, 159.5093 73.87637 0, 159.5093 73.95127 0, 159.5093 74.02618 0, 159.5093 74.10107 0, 159.5093 74.17597 0, 159.5093 74.25087 0, 159.5093 74.32578 0, 159.5093 74.40067 0, 159.5093 74.47557 0, 159.5089 74.49433 0, 159.5079 74.51316 0, 159.5064 74.53203 0, 159.5046 74.55093 0, 159.5027 74.56984 0, 159.5008 74.58875 0, 159.4992 74.60763 0, 159.498 74.62646 0, 159.4974 74.64525 0, 159.4975 74.66396 0, 159.4986 74.68258 0, 159.5008 74.70109 0, 159.5043 74.71947 0, 159.5093 74.73772 0, 159.5168 74.75771 0, 159.5263 74.77711 0, 159.5375 74.79603 0, 159.5501 74.81456 0, 159.5636 74.83279 0, 159.5778 74.85085 0, 159.5923 74.86879 0, 159.6069 74.88674 0, 159.621 74.90479 0, 159.6346 74.92303 0, 159.6471 74.94156 0, 159.6583 74.96047 0, 159.6679 74.97988 0, 159.6754 74.99986 0, 159.6804 75.01811 0, 159.6839 75.0365 0, 159.6861 75.05501 0, 159.6872 75.07362 0, 159.6873 75.09234 0, 159.6867 75.11112 0, 159.6855 75.12997 0, 159.6839 75.14884 0, 159.682 75.16775 0, 159.6801 75.18666 0, 159.6783 75.20556 0, 159.6768 75.22443 0, 159.6758 75.24326 0, 159.6754 75.26202 0, 159.6754 75.31819 0, 159.6754 75.37437 0, 159.6754 75.43053 0, 159.6754 75.48671 0, 159.6754 75.54288 0, 159.6754 75.59906 0, 159.6754 75.65524 0, 159.6754 75.71141 0, 159.6754 75.76759 0, 159.6754 75.82376 0, 159.6754 75.87994 0, 159.6754 75.93611 0, 159.6754 75.99229 0, 159.6754 76.04845 0, 159.6754 76.19826 0, 159.6754 76.34805 0, 159.6754 76.49786 0, 159.6754 76.64765 0, 159.6754 76.79745 0, 159.6754 76.94725 0, 159.6754 77.09705 0, 159.6754 77.24685 0, 159.6754 77.39664 0, 159.6754 77.54645 0, 159.6754 77.69624 0, 159.6754 77.84604 0, 159.6754 77.99584 0, 159.6754 78.14564 0, 159.6754 78.47333 0, 159.6754 78.80101 0, 159.6754 79.12869 0, 159.6754 79.45638 0, 159.6754 79.78407 0, 159.6754 80.11175 0, 159.6754 80.43943 0, 159.6754 80.76712 0, 159.6754 81.0948 0, 159.6754 81.42249 0, 159.6754 81.75017 0, 159.6754 82.07786 0, 159.6754 82.40554 0, 159.6754 82.73322 0, 159.6754 82.77068 0, 159.6754 82.80813 0, 159.6754 82.84557 0, 159.6754 82.88303 0, 159.6754 82.92048 0, 159.6754 82.95792 0, 159.6754 82.99538 0, 159.6754 83.03283 0, 159.6754 83.07027 0, 159.6754 83.10773 0, 159.6754 83.14518 0, 159.6754 83.18262 0, 159.6754 83.22008 0, 159.6754 83.25753 0, 159.676 83.30437 0, 159.6775 83.35126 0, 159.6796 83.3982 0, 159.6823 83.44516 0, 159.685 83.49213 0, 159.6877 83.53909 0, 159.6901 83.58604 0, 159.6919 83.63294 0, 159.6928 83.67981 0, 159.6925 83.72661 0, 159.691 83.77333 0, 159.6877 83.81996 0, 159.6826 83.86649 0, 159.6754 83.9129 0, 159.6705 83.93334 0, 159.6636 83.95329 0, 159.6548 83.97277 0, 159.6445 83.99187 0, 159.6328 84.01065 0, 159.6201 84.02916 0, 159.6065 84.04747 0, 159.5924 84.06563 0, 159.5779 84.08371 0, 159.5634 84.10178 0, 159.549 84.11987 0, 159.535 84.13808 0, 159.5217 84.15645 0, 159.5093 84.17504 0, 159.5093 84.20313 0, 159.5093 84.23122 0, 159.5093 84.2593 0, 159.5093 84.28739 0, 159.5093 84.31548 0, 159.5093 84.34357 0, 159.5093 84.37165 0, 159.5093 84.39974 0, 159.5093 84.42783 0, 159.5093 84.45591 0, 159.5093 84.484 0, 159.5093 84.51208 0, 159.5093 84.54018 0, 159.5093 84.56826 0, 159.5085 84.57824 0, 159.5064 84.58927 0, 159.5033 84.60107 0, 159.4996 84.61335 0, 159.4956 84.62582 0, 159.4918 84.63818 0, 159.4885 84.65018 0, 159.486 84.6615 0, 159.4847 84.67187 0, 159.485 84.68099 0, 159.4873 84.68859 0, 159.4918 84.69437 0, 159.499 84.69805 0, 159.5093 84.69934 0, 159.5569 84.69434 0, 159.5954 84.68024 0, 159.6259 84.65845 0, 159.6491 84.63033 0, 159.6659 84.59729 0, 159.6773 84.56069 0, 159.684 84.52192 0, 159.687 84.48238 0, 159.6871 84.44342 0, 159.6852 84.40646 0, 159.6822 84.37286 0, 159.679 84.34402 0, 159.6765 84.3213 0, 159.6754 84.30611 0'/>
        </IndexedLineSet>
      </Shape>
      <Shape>
        <IndexedLineSet DEF='d'
            coordIndex='0, 1, 2, 3, 4, 5, 6, 7, 8, 9, 10, 11, 12, 13, 14, 15, 16, 17, 18, 19, 20, 21, 22, 23, 24, 25, 26, 27, 28, 29, 30, 31, 32, 33, 34, 35, 36, 37, 38, 39, 40, 41, 42, 43, 44, 45, 46, 47, 48, 49, 50, 51, 52, 53, 54, 55, 56, 57, 58, 59, 60, 61, 62, 63, 64, 65, 66, 67, 68, 69, 70, 71, 72, 73, 74, 75, 76, 77, 78, 79, 80, 81, 82, 83, 84, 85, 86, 87, 88, 89, 90, 91, 92, 93, 94, 95, 96, 97, 98, 99, 100, 101, 102, 103, 104, 105, 106, 107, 108, 109, 110, 111, 112, 113, 114, 115, 116, 117, 118, 119, 120, 121, 122, 123, 124, 125, 126, 127, 128, 129, 130, 131, 132, 133, 134, 135, 136, 137, 138, 139, 140, 141, 142, 143, 144, 145, 146, 147, 148, 149, 150, 151, 152, 153, 154, 155, 156, 157, 158, 159, 160, 161, 162, 163, 164, 165, 166, 167, 168, 169, 170, 171, 172, 173, 174, 175, 176, 177, 178, 179, 180, 181, 182, 183, 184, 185, 186, 187, 188, 189, 190, 191, 192, 193, 194, 195, 196, 197, 198, 199, 200, 201, 202, 203, 204, 205, 206, 207, 208, 209, 210, 211, 212, 213, 214, 215, 216, 217, 218, 219, 220, 221, 222, 223, 224, 225, 226, 227, 228, 229, 230, 231, 232, 233, 234, 235, 236, 237, 238, 239, 240, 241, 242, 243, 244, 245, 246, 247, 248, 249, 250, 251, 252, 253, 254, 255, 256, 257, 258, 259, 260, 261, 262, 263, 264, 265, 266, 267, 268, 269, 270, 271, 272, 273, 274, 275, 276, 277, 278, 279, 280, 281, 282, 283, 284, 285, 286, 287, 288, 289, 290, 291, 292, 293, 294, 295, 296, 297, 298, 299, 300, 301, 302, 303, 304, 305, 306, 307, 308, 309, 310, 311, 312, 313, 314, 315, 316, 317, 318, 319, 320, 321, 322, 323, 324, 325, 326, 327, 328, 329, 330, 331, 332, 333, 334, 335, 336, 337, 338, 339, 340, 341, 342, 343, 344, 345, 346, 347, 348, 349, 350, 351, 352, 353, 354, 355, 356, 357, 358, 359, 360, 361, 362, 363, 364, 365, 366, 367, 368, 369, 370, 371, 372, 373, 374, 375, 376, 377, 378, 379, 380, 381, 382, 383, 384, 385, 386, 387, 388, 389, 390, 391, 392, 393, 394, 395, 396, 397, 398, 399, 400, 401, 402, 403, 404, 405, 406, 407, 408, 409, 410, 411, 412, 413, 414, 415, 416, 417, 418, 419, 420, 421, 422, 423, 424, 425, 426, 427, 428, 429, 430, 431, 432, 433, 434, 435, 436, 437, 438, 439, 440, 441, 442, 443, 444, 445, 446, 447, 448, 449, 450, 451, 452, 453, 454, 455, 456, 457, 458, 459, 460, 461, 462, 463, 464, 465, 466, 467, 468, 469, 470, 471, 472, 473, 474, 475, 476, 477, 478, 479, 480, 481, 482, 483, 484, 485, 486, 487, 488, 489, 490, 491, 492, 493, 494, 495, 496, 497, 498, 499, 500, 501, 502, 503, 504, 505, 506, 507, 508, 509, 510, 511, 512, 513, 514, 515, 516, 517, 518, 519, 520, 521, 522, 523, 524, 525, 526, 527, 528, 529, 530, 531, 532, 533, 534, 535, 536, 537, 538, 539, 540, 541, 542, 543, 544, 545, 546, 547, 548, 549, 550, 551, 552, 553, 554, 555, 556, 557, 558, 559, 560, 561, 562, 563, 564, 565, 566, 567, 568, 569, 570, 571, 572, 573, 574, 575, 576, 577, 578, 579, 580, 581, 582, 583, 584, 585, 586, 587, 588, 589, 590, 591, 592, 593, 594, 595, 596, 597, 598, 599, 600, 601, 602, 603, 604, 605, 606, 607, 608, 609, 610, 611, 612, 613, 614, 615, 616, 617, 618, 619, 620, 621, 622, 623, 624, 625, 626, 627, 628, 629, 630, 631, 632, 633, 634, 635, 636, 637, 638, 639, 640, 641, 642, 643, 644, 645, 646, 647, 648, 649, 650, 651, 652, 653, 654, 655, 656, 657, 658, 659, 660, 661, 662, 663, 664, 665, 666, 667, 668, 669, 670, 671, 672, 673, 674, 675, 676, 677, 678, 679, 680, 681, 682, 683, 684, 685, 686, 687, 688, 689, 690, 691, 692, 693, 694, 695, 696, 697, 698, 699, 700, 701, 702, 703, 704, 705, 706, 707, 708, 709, 710, 711, 712, 713, 714, 715, 716, 717, 718, 719, 720, 721, 722, 723, 724, 725, 726, 727, 728, 729, 730, 731, 732, 733, 734, 735, 736, 737, 738, 739, 740, 741, 742, 743, 744, 745, 746, 747, 748, 749, 750, 751, 752, 753, 754, 755, 756, 757, 758, 759, 760, 761, 762, 763, 764, 765, 766, 767, 768, 769, 770, 771, 772, 773, 774, 775, 776, 777, 778, 779, 780, 781, 782, 783, 784, 785, 786, 787, 788, 789, 790, 791, 792, 793, 794, 795, 796, 797, 798, 799, 800, 801, 802, 803, 804, 805, 806, 807, 808, 809, 810, 811, 812, 813, 814, 815, 816, 817, 818, 819, 820, 821, 822, 823, 824, 825, 826, 827, 828, 829, 830, 831, 832, 833, 834, 835, 836, 837, 838, 839, 840, 841, 842, 843, 844, 845, 846, 847, 848, 849, 850, 851, 852, 853, 854, 855, 856, 857, 858, 859, 860, 861, 862, 863, 864, 865, 866, 867, 868, 869, 870, 871, 872, 873, 874, 875, 876, 877, 878, 879, 880, 881, 882, 883, 884, 885, 886, 887, 888, 889, 890, 891, 892, 893, 894, 895, 896, 897, 898, 899, 900, 901, 902, 903, 904, 905, 906, 907, 908, 909, 910, 911, 912, 913, 914, 915, 916, 917, 918, 919, 920, 921, 922, 923, 924, 925, 926, 927, 928, 929, 930, 931, 932, 933, 934, 935, 936, 937, 938, 939, 940, 941, 942, 943, 944, 945, 946, 947, 948, 949, 950, 951, 952, 953, 954, 955, 956, 957, 958, 959, 960, 961, 962, 963, 964, 965, 966, 967, 968, 969, 970, 971, 972, 973, 974, 975, 976, 977, 978, 979, 980, 981, 982, 983, 984, 985, 986, 987, 988, 989, 990, 991, 992, 993, 994, 995, 996, 997, 998, 999, 1000, 1001, 1002, 1003, 1004, 1005, 1006, 1007, 1008, 1009, 1010, 1011, 1012, 1013, 1014, 1015, 1016, 1017, 1018, 1019, 1020, 1021, 1022, 1023, 1024, 1025, 1026, 1027, 1028, 1029, 1030, 1031, 1032, 1033, 1034, 1035, 1036, 1037, 1038, 1039, 1040, 1041, 1042, 1043, 1044, 1045, 1046, 1047, 1048, 1049, 1050, 1051, 1052, 1053, 1054, 1055, 1056, 1057, 1058, 1059, 1060, 1061, 1062, 1063, 1064, 1065, 1066, 1067, 1068, 1069, 1070, 1071, 1072, 1073, 1074, 1075, 1076, 1077, 1078, 1079, 1080, 1081, 1082, 1083, 1084, 1085, 1086, 1087, 1088, 1089, 1090, 1091, 1092, 1093, 1094, 1095, 1096, 1097, 1098, 1099, 1100, 1101, 1102, 1103, 1104, 1105, 1106, 1107, 1108, 1109, 1110, 1111, 1112, 1113, 1114, 1115, 1116, 1117, 1118, 1119, 1120, 1121, 1122, 1123, 1124, 1125, 1126, 1127, 1128, 1129, 1130, 1131, 1132, 1133, 1134, 1135, 1136, 1137, 1138, 1139, 1140, 1141, 1142, 1143, 1144, 1145, 1146, 1147, 1148, 1149, 1150, 1151, 1152, 1153, 1154, 1155, 1156, 1157, 1158, 1159, 1160, 1161, 1162, 1163, 1164, 1165, 1166, 1167, 1168, 1169, 1170, 1171, 1172, 1173, 1174, 1175, 1176, 1177, 1178, 1179, 1180, 1181, 1182, 1183, 1184, 1185, 1186, 1187, 1188, 1189, 1190, 1191, 1192, 1193, 1194, 1195, 1196, 1197, 1198, 1199, 1200, 1201, 1202, 1203, 1204, 1205, 1206, 1207, 1208, 1209, 1210, 1211, 1212, 1213, 1214, 1215, 1216, 1217, 1218, 1219, 1220, 1221, 1222, 1223, 1224, 1225, 1226, 1227, 1228, 1229, 1230, 1231, 1232, 1233, 1234, 1235, 1236, 1237, 1238, 1239, 1240, 1241, 1242, 1243, 1244, 1245, 1246, 1247, 1248, 1249, 1250, 1251, 1252, 1253, 1254, 1255, 1256, 1257, 1258, 1259, 1260, 1261, 1262, 1263, 1264, 1265, 1266, 1267, 1268, 1269, 1270, 1271, 1272, 1273, 1274, 1275, 1276, 1277, 1278, 1279, 1280, 1281, 1282, 1283, 1284, 1285, 1286, 1287, 1288, 1289, 1290, 1291, 1292, 1293, 1294, 1295, 1296, 1297, 1298, 1299, 1300, 1301, 1302, 1303, 1304, 1305, 1306, 1307, 1308, 1309, 1310, 1311, 1312, 1313, 1314, 1315, 1316, 1317, 1318, 1319, 1320, 1321, 1322, 1323, 1324, 1325, 1326, 1327, 1328, 1329, 1330, 1331, 1332, 1333, 1334, 1335, 1336, 1337, 1338, 1339, 1340, 1341, 1342, 1343, 1344, 1345, 1346, 1347, 1348, 1349, 1350, 1351, 1352, 1353, 1354, 1355, 1356, 1357, 1358, 1359, 1360, 1361, 1362, 1363, 1364, 1365, 1366, 1367, 1368, 1369, 1370, 1371, 1372, 1373, 1374, 1375, 1376, 1377, 1378, 1379, 1380, 1381, 1382, 1383, 1384, 1385, 1386, 1387, 1388, 1389, 1390, 1391, 1392, 1393, 1394, 1395, 1396, 1397, 1398, 1399, 1400, 1401, 1402, 1403, 1404, 1405, 1406, 1407, 1408, 1409, 1410, 1411, 1412, 1413, 1414, 1415, 1416, 1417, 1418, 1419, 1420, 1421, 1422, 1423, 1424, 1425, 1426, 1427, 1428, 1429, 1430, 1431, 1432, 1433, 1434, 1435, 1436, 1437, 1438, 1439, 1440, 1441, 1442, 1443, 1444, 1445, 1446, 1447, 1448, 1449, 1450, 1451, 1452, 1453, 1454, 1455, 1456, 1457, 1458, 1459, 1460, 1461, 1462, 1463, 1464, 1465, 1466, 1467, 1468, 1469, 1470, 1471, 1472, 1473, 1474, 1475, 1476, 1477, 1478, 1479, 1480, 1481, 1482, 1483, 1484, 1485, 1486, 1487, 1488, 1489, 1490, 1491, 1492, 1493, 1494, 1495, 1496, 1497, 1498, 1499, 1500, 1501, 1502, 1503, 1504, 1505, 1506, 1507, 1508, 1509, 1510, 1511, 1512, 1513, 1514, 1515, 1516, 1517, 1518, 1519, 1520, 1521, 1522, 1523, 1524, 1525, 1526, 1527, 1528, 1529, 1530, 1531, 1532, 1533, 1534, 1535, 1536, 1537, 1538, 1539, 1540, 1541, 1542, 1543, 1544, 1545, 1546, 1547, 1548, 1549, 1550, 1551, 1552, 1553, 1554, 1555, 1556, 1557, 1558, 1559, 1560, 1561, 1562, 1563, 1564, 1565, 1566, 1567, 1568, 1569, 1570, 1571, 1572, 1573, 1574, 1575, 1576, 1577, 1578, 1579, 1580, 1581, 1582, 1583, 1584, 1585, 1586, 1587, 1588, 1589, 1590, 1591, 1592, 1593, 1594, 1595, 1596, 1597, 1598, 1599, 1600, 1601, 1602, 1603, 1604, 1605, 1606, 1607, 1608, 1609, 1610, 1611, 1612, 1613, 1614, 1615, 1616, 1617, 1618, 1619, 1620, 1621, 1622, 1623, 1624, 1625, 1626, 1627, 1628, 1629, 1630, 1631, 1632, 1633, 1634, 1635, 1636, 1637, 1638, 1639, 1640, 1641, 1642, 1643, 1644, 1645, 1646, 1647, 1648, 1649, 1650, 1651, 1652, 1653, 1654, 1655, 1656, 1657, 1658, 1659, 1660, 1661, 1662, 1663, 1664, 1665, 1666, 1667, 1668, 1669, 1670, 1671, 1672, 1673, 1674, 1675, 1676, 1677, 1678, 1679, 1680, 1681, 1682, 1683, 1684, 1685, 1686, 1687, 1688, 1689, 1690, 1691, 1692, 1693, 1694, 1695, 1696, 1697, 1698, 1699, 1700, 1701, 1702, 1703, 1704, 1705, 1706, 1707, 1708, 1709, 1710, 1711, 1712, 1713, 1714, 1715, 1716, 1717, 1718, 1719, 1720, 1721, 1722, 1723, 1724, 1725, 1726, 1727, 1728, 1729, 1730, 1731, 1732, 1733, 1734, 1735, 1736, 1737, 1738, 1739, 1740, 1741, 1742, 1743, 1744, 1745, 1746, 1747, 1748, 1749, 1750, 1751, 1752, 1753, 1754, 1755, 1756, 1757, 1758, 1759, 1760, 1761, 1762, 1763, 1764, 1765, 1766, 1767, 1768, 1769, 1770, 1771, 1772, 1773, 1774, 1775, 1776, 1777, 1778, 1779, 1780, 1781, 1782, 1783, 1784, 1785, 1786, 1787, 1788, 1789, 1790, 1791, 1792, 1793, 1794, 1795, 1796, 1797, 1798, 1799, 1800, 1801, 1802, 1803, 1804, 1805, 1806, 1807, 1808, 1809, 1810, 1811, 1812, 1813, 1814, 1815, 1816, 1817, 1818, 1819, 1820, 1821, 1822, 1823, 1824, 1825, 1826, 1827, 1828, 1829, 1830, 1831, 1832, 1833, 1834, 1835, 1836, 1837, 1838, 1839, 1840, 1841, 1842, 1843, 1844, 1845, 1846, 1847, 1848, 1849, 1850, 1851, 1852, 1853, 1854, 1855, 1856, 1857, 1858, 1859, 1860, 1861, 1862, 1863, 1864, 1865, 1866, 1867, 1868, 1869, 1870, 1871, 1872, 1873, 1874, 1875, 1876, 1877, 1878, 1879, 1880, 1881, 1882, 1883, 1884, 1885, 1886, 1887, 1888, 1889, 1890, 1891, 1892, 1893, 1894, 1895, 1896, 1897, 1898, 1899, 1900, 1901, 1902, 1903, 1904, 1905, 1906, 1907, 1908, 1909, 1910, 1911, 1912, 1913, 1914, 1915, 1916, 1917, 1918, 1919, 1920, 1921, 1922, 1923, 1924, 1925, 1926, 1927, 1928, 1929, 1930, 1931, 1932, 1933, 1934, 1935, 1936, 1937, 1938, 1939, 1940, 1941, 1942, 1943, 1944, 1945, 1946, 1947, 1948, 1949, 1950, 1951, 1952, 1953, 1954, 1955, 1956, 1957, 1958, 1959, 1960, 1961, 1962, 1963, 1964, 1965, 1966, 1967, 1968, 1969, 1970, 1971, 1972, 1973, 1974, 1975, 1976, 1977, 1978, 1979, 1980, 1981, 1982, 1983, 1984, 1985, 1986, 1987, 1988, 1989, 1990, 1991, 1992, 1993, 1994, 1995, 1996, 1997, 1998, 1999, 2000, 2001, 2002, 2003, 2004, 2005, 2006, 2007, 2008, 2009, 2010, 2011, 2012, 2013, 2014, 2015, 2016, 2017, 2018, 2019, 2020, 2021, 2022, 2023, 2024, 2025, 2026, 2027, 2028, 2029, 2030, 2031, 2032, 2033, 2034, 2035, 2036, 2037, 2038, 2039, 2040, 2041, 2042, 2043, 2044, 2045, 2046, 2047, 2048, 2049, 2050, 2051, 2052, 2053, 2054, 2055, 2056, 2057, 2058, 2059, 2060, 2061, 2062, 2063, 2064, 2065, 2066, 2067, 2068, 2069, 2070, 2071, 2072, 2073, 2074, 2075, 2076, 2077, 2078, 2079, 2080, 2081, 2082, 2083, 2084, 2085, 2086, 2087, 2088, 2089, 2090, 2091, 2092, 2093, 2094, 2095, 2096, 2097, 2098, 2099, 2100, 2101, 2102, 2103, 2104, 2105, 2106, 2107, 2108, 2109, 2110, 2111, 2112, 2113, 2114, 2115, 2116, 2117, 2118, 2119, 2120, 2121, 2122, 2123, 2124, 2125, 2126, 2127, 2128, 2129, 2130, 2131, 2132, 2133, 2134, 2135, 2136, 2137, 2138, 2139, 2140, 2141, 2142, 2143, 2144, 2145, 2146, 2147, 2148, 2149, 2150, 2151, 2152, 2153, 2154, 2155, 2156, 2157, 2158, 2159, 2160, 2161, 2162, 2163, 2164, 2165, 2166, 2167, 2168, 2169, 2170, 2171, 2172, 2173, 2174, 2175, 2176, 2177, 2178, 2179, 2180, 2181, 2182, 2183, 2184, 2185, 2186, 2187, 2188, 2189, 2190, 2191, 2192, 2193, 2194, 2195, 2196, 2197, 2198, 2199, 2200, 2201, 2202, 2203, 2204, 2205, 2206, 2207, 2208, 2209, 2210, 2211, 2212, 2213, 2214, 2215, 2216, 2217, 2218, 2219, 2220, 2221, 2222, 2223, 2224, 2225, 2226, 2227, 2228, 2229, 2230, 2231, 2232, 2233, 2234, 2235, 2236, 2237, 2238, 2239, 2240, 2241, 2242, 2243, 2244, 2245, 2246, 2247, 2248, 2249, 2250, 2251, 2252, 2253, 2254, 2255, 2256, 2257, 2258, 2259, 2260, 2261, 2262, 2263, 2264, 2265, 2266, 2267, 2268, 2269, 2270, 2271, 2272, 2273, 2274, 2275, 2276, 2277, 2278, 2279, 2280, 2281, 2282, 2283, 2284, 2285, 2286, 2287, 2288, 2289, 2290, 2291, 2292, 2293, 2294, 2295, 2296, 2297, 2298, 2299, 2300, 2301, 2302, 2303, 2304, 2305, 2306, 2307, 2308, 2309, 2310, 2311, 2312, 2313, 2314, 2315, 2316, 2317, 2318, 2319, 2320, 2321, 2322, 2323, 2324, 2325, 2326, 2327, 2328, 2329, 2330, 2331, 2332, 2333, 2334, 2335, 2336, 2337, 2338, 2339, 2340, 2341, 2342, 2343, 2344, 2345, 2346, 2347, 2348, 2349, 2350, 2351, 2352, 2353, 2354, 2355, 2356, 2357, 2358, 2359, 2360, 2361, 2362, 2363, 2364, 2365, 2366, 2367, 2368, 2369, 2370, 2371, 2372, 2373, 2374, 2375, 2376, 2377, 2378, 2379, 2380, 2381, 2382, 2383, 2384, 2385, 2386, 2387, 2388, 2389, 2390, 2391, 2392, 2393, 2394, 2395, 2396, 2397, 2398, 2399, 2400, 2401, 2402, 2403, 2404, 2405, 2406, 2407, 2408, 2409, 2410, 2411, 2412, 2413, 2414, 2415, 2416, 2417, 2418, 2419, 2420, 2421, 2422, 2423, 2424, 2425, 2426, 2427, 2428, 2429, 2430, 2431, 2432, 2433, 2434, 2435, 2436, 2437, 2438, 2439, 2440, 2441, 2442, 2443, 2444, 2445, 2446, 2447, 2448, 2449, 2450, 2451, 2452, 2453, 2454, 2455, 2456, 2457, 2458, 2459, 2460, 2461, 2462, 2463, 2464, 2465, 2466, 2467, 2468, 2469, 2470, 2471, 2472, 2473, 2474, 2475, 2476, 2477, 2478, 2479, 2480, 2481, 2482, 2483, 2484, 2485, 2486, 2487, 2488, 2489, 2490, 2491, 2492, -1'>
          <Coordinate
              point='176.7863 63.43607 0, 176.5829 63.49059 0, 176.4186 63.53695 0, 176.2885 63.5758 0, 176.1873 63.60781 0, 176.1097 63.63364 0, 176.0507 63.65395 0, 176.0051 63.66939 0, 175.9675 63.68063 0, 175.933 63.68833 0, 175.8963 63.69315 0, 175.8521 63.69575 0, 175.7954 63.69679 0, 175.7209 63.69693 0, 175.6235 63.69683 0, 175.5997 63.69659 0, 175.5759 63.69594 0, 175.552 63.69498 0, 175.5282 63.69385 0, 175.5043 63.69264 0, 175.4804 63.69146 0, 175.4565 63.69044 0, 175.4327 63.68967 0, 175.4089 63.68928 0, 175.3852 63.68937 0, 175.3616 63.69006 0, 175.338 63.69146 0, 175.3146 63.69368 0, 175.2912 63.69683 0, 175.2547 63.70333 0, 175.2186 63.71112 0, 175.1828 63.72001 0, 175.1474 63.72975 0, 175.1121 63.74015 0, 175.077 63.75097 0, 175.042 63.76202 0, 175.007 63.77306 0, 174.9719 63.78389 0, 174.9367 63.79429 0, 174.9012 63.80404 0, 174.8655 63.81292 0, 174.8294 63.82071 0, 174.7928 63.82721 0, 174.7695 63.83006 0, 174.7459 63.83147 0, 174.7221 63.8317 0, 174.6983 63.83098 0, 174.6743 63.82957 0, 174.6503 63.82773 0, 174.6263 63.8257 0, 174.6023 63.82373 0, 174.5783 63.82207 0, 174.5544 63.82098 0, 174.5307 63.82069 0, 174.5071 63.82147 0, 174.4837 63.82356 0, 174.4606 63.82721 0, 174.4336 63.835 0, 174.3859 63.85135 0, 174.3211 63.87489 0, 174.2426 63.90426 0, 174.1539 63.9381 0, 174.0583 63.97503 0, 173.9595 64.0137 0, 173.8607 64.05274 0, 173.7655 64.09078 0, 173.6773 64.12647 0, 173.5996 64.15844 0, 173.5358 64.18532 0, 173.4894 64.20574 0, 173.4638 64.21835 0, 173.4376 64.23473 0, 173.4126 64.25215 0, 173.3884 64.27043 0, 173.3651 64.2894 0, 173.3423 64.30889 0, 173.3199 64.32873 0, 173.2977 64.34873 0, 173.2755 64.36874 0, 173.2531 64.38857 0, 173.2303 64.40807 0, 173.207 64.42704 0, 173.1829 64.44532 0, 173.1578 64.46273 0, 173.1316 64.47911 0, 173.11 64.49117 0, 173.0878 64.50242 0, 173.065 64.51295 0, 173.0417 64.52286 0, 173.0181 64.53226 0, 172.9941 64.54123 0, 172.9698 64.54987 0, 172.9454 64.5583 0, 172.9209 64.56658 0, 172.8963 64.57484 0, 172.8718 64.58316 0, 172.8474 64.59165 0, 172.8232 64.6004 0, 172.7993 64.6095 0, 172.7282 64.63724 0, 172.6622 64.66279 0, 172.6005 64.68671 0, 172.5422 64.70956 0, 172.4866 64.73188 0, 172.4327 64.75423 0, 172.3799 64.77718 0, 172.3273 64.80125 0, 172.2739 64.82703 0, 172.2191 64.85504 0, 172.162 64.88586 0, 172.1018 64.92002 0, 172.0376 64.9581 0, 171.9687 65.00063 0, 171.9428 65.01739 0, 171.9176 65.0347 0, 171.8929 65.05249 0, 171.8687 65.07071 0, 171.8449 65.08928 0, 171.8215 65.10814 0, 171.7982 65.12722 0, 171.7752 65.14645 0, 171.7523 65.16577 0, 171.7294 65.18512 0, 171.7064 65.20442 0, 171.6833 65.22361 0, 171.66 65.24263 0, 171.6364 65.2614 0, 171.6008 65.28934 0, 171.5653 65.31728 0, 171.5297 65.34521 0, 171.4941 65.37315 0, 171.4585 65.40109 0, 171.4229 65.42903 0, 171.3873 65.45697 0, 171.3517 65.48491 0, 171.3161 65.51285 0, 171.2805 65.54079 0, 171.2449 65.56872 0, 171.2093 65.59666 0, 171.1737 65.6246 0, 171.1381 65.65253 0, 171.1142 65.67104 0, 171.0899 65.68932 0, 171.0655 65.70744 0, 171.0409 65.72546 0, 171.0162 65.74344 0, 170.9916 65.76144 0, 170.9671 65.77952 0, 170.9428 65.79774 0, 170.9188 65.81615 0, 170.8951 65.83483 0, 170.8719 65.85382 0, 170.8492 65.87319 0, 170.8272 65.893 0, 170.8058 65.9133 0, 170.7797 65.93987 0, 170.7547 65.96707 0, 170.7306 65.9948 0, 170.7072 66.02295 0, 170.6844 66.05141 0, 170.662 66.08009 0, 170.6397 66.10887 0, 170.6174 66.13765 0, 170.595 66.16633 0, 170.5722 66.19479 0, 170.5488 66.22294 0, 170.5247 66.25067 0, 170.4997 66.27787 0, 170.4736 66.30444 0, 170.4521 66.32464 0, 170.4296 66.34415 0, 170.4064 66.36311 0, 170.3825 66.3816 0, 170.3581 66.39973 0, 170.3333 66.41764 0, 170.3084 66.4354 0, 170.2834 66.45315 0, 170.2585 66.47098 0, 170.2339 66.489 0, 170.2098 66.50732 0, 170.1862 66.52606 0, 170.1633 66.54532 0, 170.1413 66.5652 0, 169.9326 66.76408 0, 169.789 66.90543 0, 169.6992 66.99885 0, 169.6516 67.05393 0, 169.6348 67.08028 0, 169.6373 67.08749 0, 169.6477 67.08517 0, 169.6545 67.0829 0, 169.6462 67.09031 0, 169.6115 67.11697 0, 169.5388 67.1725 0, 169.4167 67.26649 0, 169.2337 67.40853 0, 168.9784 67.60825 0, 168.9428 67.63618 0, 168.9072 67.66412 0, 168.8716 67.69206 0, 168.836 67.72 0, 168.8004 67.74794 0, 168.7648 67.77588 0, 168.7292 67.80382 0, 168.6936 67.83176 0, 168.6581 67.8597 0, 168.6225 67.88763 0, 168.5869 67.91557 0, 168.5513 67.94351 0, 168.5157 67.97144 0, 168.4801 67.99938 0, 168.456 68.01779 0, 168.4313 68.03583 0, 168.4063 68.0536 0, 168.381 68.07121 0, 168.3555 68.08874 0, 168.3302 68.1063 0, 168.305 68.12401 0, 168.2802 68.14194 0, 168.2559 68.16022 0, 168.2323 68.17892 0, 168.2095 68.19817 0, 168.1878 68.21806 0, 168.1671 68.23869 0, 168.1478 68.26015 0, 168.1423 68.26813 0, 168.1389 68.27654 0, 168.1371 68.28533 0, 168.1367 68.29443 0, 168.1375 68.3038 0, 168.1392 68.31337 0, 168.1414 68.32309 0, 168.1438 68.33289 0, 168.1462 68.34274 0, 168.1483 68.35257 0, 168.1498 68.36231 0, 168.1505 68.37193 0, 168.1499 68.38135 0, 168.1478 68.39053 0, 168.1385 68.41905 0, 168.1286 68.44748 0, 168.1184 68.47581 0, 168.1077 68.50406 0, 168.0966 68.53221 0, 168.0851 68.56027 0, 168.0732 68.58825 0, 168.061 68.61613 0, 168.0485 68.64393 0, 168.0356 68.67165 0, 168.0225 68.69927 0, 168.0091 68.72682 0, 167.9955 68.75429 0, 167.9817 68.78167 0, 167.951 68.83908 0, 167.918 68.89578 0, 167.8832 68.9519 0, 167.8468 69.00754 0, 167.8093 69.06283 0, 167.7711 69.11787 0, 167.7325 69.17281 0, 167.6939 69.22775 0, 167.6557 69.2828 0, 167.6182 69.33808 0, 167.5818 69.39372 0, 167.547 69.44984 0, 167.514 69.50654 0, 167.4833 69.56395 0, 167.4698 69.59142 0, 167.4571 69.6191 0, 167.4449 69.64697 0, 167.4333 69.67498 0, 167.4221 69.7031 0, 167.4111 69.73129 0, 167.4003 69.75952 0, 167.3894 69.78775 0, 167.3784 69.81595 0, 167.3672 69.84407 0, 167.3556 69.87208 0, 167.3435 69.89995 0, 167.3307 69.92763 0, 167.3172 69.95509 0, 167.2965 69.99342 0, 167.2739 70.03113 0, 167.2499 70.06834 0, 167.2248 70.10515 0, 167.1989 70.14169 0, 167.1725 70.17806 0, 167.1459 70.21438 0, 167.1196 70.25076 0, 167.0938 70.28732 0, 167.069 70.32416 0, 167.0453 70.36139 0, 167.0232 70.39914 0, 167.0029 70.43751 0, 166.9849 70.47662 0, 166.9819 70.48555 0, 166.9803 70.49465 0, 166.9799 70.50391 0, 166.9803 70.51328 0, 166.9815 70.52274 0, 166.9831 70.53226 0, 166.9849 70.5418 0, 166.9868 70.55135 0, 166.9884 70.56087 0, 166.9895 70.57033 0, 166.99 70.5797 0, 166.9895 70.58896 0, 166.9879 70.59806 0, 166.9849 70.60699 0, 166.9667 70.64605 0, 166.946 70.68427 0, 166.9231 70.72179 0, 166.8985 70.75877 0, 166.8727 70.79533 0, 166.8459 70.83161 0, 166.8188 70.86776 0, 166.7917 70.9039 0, 166.765 70.94019 0, 166.7391 70.97675 0, 166.7145 71.01372 0, 166.6916 71.05125 0, 166.6709 71.08947 0, 166.6527 71.12852 0, 166.6408 71.16577 0, 166.6289 71.20302 0, 166.6171 71.24027 0, 166.6052 71.27753 0, 166.5933 71.31477 0, 166.5815 71.35203 0, 166.5696 71.38927 0, 166.5577 71.42653 0, 166.5459 71.46378 0, 166.534 71.50103 0, 166.5222 71.53828 0, 166.5103 71.57554 0, 166.4984 71.61279 0, 166.4866 71.65004 0, 166.4869 71.6687 0, 166.488 71.68742 0, 166.4895 71.7062 0, 166.4913 71.725 0, 166.4932 71.7438 0, 166.495 71.76261 0, 166.4966 71.78139 0, 166.4978 71.80013 0, 166.4985 71.81882 0, 166.4983 71.83743 0, 166.4972 71.85595 0, 166.495 71.87437 0, 166.4915 71.89265 0, 166.4866 71.9108 0, 166.4792 71.93074 0, 166.4703 71.9502 0, 166.46 71.96924 0, 166.4485 71.98795 0, 166.4362 72.00637 0, 166.4231 72.0246 0, 166.4095 72.0427 0, 166.3957 72.06074 0, 166.3819 72.07878 0, 166.3682 72.0969 0, 166.3551 72.11517 0, 166.3425 72.13365 0, 166.3309 72.15243 0, 166.3204 72.17156 0, 166.3069 72.19903 0, 166.2942 72.22671 0, 166.2821 72.25458 0, 166.2704 72.28259 0, 166.2592 72.31071 0, 166.2482 72.3389 0, 166.2374 72.36713 0, 166.2265 72.39536 0, 166.2155 72.42355 0, 166.2043 72.45168 0, 166.1927 72.47969 0, 166.1806 72.50755 0, 166.1678 72.53524 0, 166.1543 72.5627 0, 166.144 72.58186 0, 166.1327 72.60072 0, 166.1207 72.61932 0, 166.1081 72.63773 0, 166.0951 72.656 0, 166.0819 72.67419 0, 166.0687 72.69234 0, 166.0555 72.71054 0, 166.0426 72.72881 0, 166.0302 72.74723 0, 166.0184 72.76585 0, 166.0073 72.78473 0, 165.9972 72.80391 0, 165.9882 72.82346 0, 165.9852 72.8324 0, 165.9836 72.84151 0, 165.9831 72.85076 0, 165.9836 72.86013 0, 165.9847 72.86959 0, 165.9863 72.8791 0, 165.9882 72.88866 0, 165.99 72.8982 0, 165.9916 72.90771 0, 165.9928 72.91718 0, 165.9932 72.92655 0, 165.9928 72.9358 0, 165.9912 72.94491 0, 165.9882 72.95384 0, 165.9789 72.97332 0, 165.9679 72.99232 0, 165.9556 73.0109 0, 165.9424 73.02919 0, 165.9284 73.04725 0, 165.914 73.06518 0, 165.8995 73.08306 0, 165.8853 73.10099 0, 165.8716 73.11906 0, 165.8587 73.13736 0, 165.8471 73.15598 0, 165.8369 73.175 0, 165.8284 73.1945 0, 165.8221 73.21461 0, 165.8164 73.2421 0, 165.8132 73.26978 0, 165.8121 73.29761 0, 165.8126 73.32556 0, 165.8143 73.35361 0, 165.817 73.38173 0, 165.8201 73.40989 0, 165.8233 73.43806 0, 165.8261 73.46622 0, 165.8283 73.49432 0, 165.8294 73.52236 0, 165.8289 73.55029 0, 165.8266 73.5781 0, 165.8221 73.60574 0, 165.8147 73.63457 0, 165.8053 73.66299 0, 165.7941 73.69106 0, 165.7816 73.71886 0, 165.768 73.74646 0, 165.7536 73.77393 0, 165.739 73.80132 0, 165.7243 73.82871 0, 165.71 73.85618 0, 165.6964 73.88377 0, 165.6839 73.91158 0, 165.6727 73.93965 0, 165.6633 73.96806 0, 165.6559 73.99689 0, 165.6512 74.02451 0, 165.6486 74.05228 0, 165.6476 74.08014 0, 165.6481 74.10809 0, 165.6496 74.13612 0, 165.6518 74.16418 0, 165.6545 74.19228 0, 165.6572 74.22039 0, 165.6596 74.24848 0, 165.6614 74.27654 0, 165.6623 74.30454 0, 165.6619 74.33247 0, 165.6599 74.36031 0, 165.6559 74.38803 0, 165.648 74.42589 0, 165.6382 74.46346 0, 165.627 74.50081 0, 165.6145 74.53796 0, 165.6011 74.57498 0, 165.5871 74.61191 0, 165.5729 74.64879 0, 165.5586 74.68567 0, 165.5446 74.7226 0, 165.5312 74.75961 0, 165.5187 74.79677 0, 165.5075 74.83411 0, 165.4977 74.8717 0, 165.4898 74.90955 0, 165.4855 74.93725 0, 165.4824 74.96502 0, 165.4805 74.99284 0, 165.4796 75.02073 0, 165.4794 75.04867 0, 165.48 75.07663 0, 165.481 75.10463 0, 165.4824 75.13264 0, 165.484 75.16068 0, 165.4857 75.18871 0, 165.4873 75.21674 0, 165.4886 75.24474 0, 165.4895 75.27274 0, 165.4898 75.30069 0, 165.4777 75.33791 0, 165.4651 75.37505 0, 165.4523 75.41213 0, 165.4392 75.44919 0, 165.4261 75.48624 0, 165.413 75.52328 0, 165.4 75.56036 0, 165.3874 75.59748 0, 165.3751 75.63467 0, 165.3633 75.67194 0, 165.3522 75.7093 0, 165.3418 75.7468 0, 165.3322 75.78442 0, 165.3237 75.82221 0, 165.3203 75.84062 0, 165.3179 75.85909 0, 165.3165 75.87762 0, 165.3157 75.8962 0, 165.3156 75.91482 0, 165.316 75.93347 0, 165.3168 75.95215 0, 165.3179 75.97085 0, 165.3192 75.98956 0, 165.3205 76.00826 0, 165.3217 76.02697 0, 165.3227 76.04566 0, 165.3234 76.06433 0, 165.3237 76.08298 0, 165.3237 76.11092 0, 165.3237 76.13885 0, 165.3237 76.16679 0, 165.3237 76.19473 0, 165.3237 76.22267 0, 165.3237 76.25061 0, 165.3237 76.27855 0, 165.3237 76.30648 0, 165.3237 76.33442 0, 165.3237 76.36236 0, 165.3237 76.3903 0, 165.3237 76.41824 0, 165.3237 76.44617 0, 165.3237 76.47411 0, 165.3237 76.56725 0, 165.3237 76.66037 0, 165.3237 76.7535 0, 165.3237 76.84663 0, 165.3237 76.93976 0, 165.3237 77.03289 0, 165.3237 77.12601 0, 165.3237 77.21915 0, 165.3237 77.31228 0, 165.3237 77.4054 0, 165.3237 77.49854 0, 165.3237 77.59166 0, 165.3237 77.68479 0, 165.3237 77.77792 0, 165.3237 77.94556 0, 165.3237 78.11318 0, 165.3237 78.28082 0, 165.3237 78.44845 0, 165.3237 78.61608 0, 165.3237 78.78371 0, 165.3237 78.95135 0, 165.3237 79.11897 0, 165.3237 79.28661 0, 165.3237 79.45424 0, 165.3237 79.62187 0, 165.3237 79.78951 0, 165.3237 79.95714 0, 165.3237 80.12476 0, 165.3237 80.19927 0, 165.3237 80.27377 0, 165.3237 80.34827 0, 165.3237 80.42278 0, 165.3237 80.49728 0, 165.3237 80.57178 0, 165.3237 80.64629 0, 165.3237 80.72079 0, 165.3237 80.7953 0, 165.3237 80.8698 0, 165.3237 80.94431 0, 165.3237 81.01881 0, 165.3237 81.09331 0, 165.3237 81.16782 0, 165.3234 81.18646 0, 165.3225 81.20515 0, 165.3213 81.22388 0, 165.3199 81.24261 0, 165.3183 81.26136 0, 165.3168 81.2801 0, 165.3155 81.29883 0, 165.3145 81.31753 0, 165.314 81.33619 0, 165.3141 81.3548 0, 165.315 81.37337 0, 165.3168 81.39185 0, 165.3197 81.41026 0, 165.3237 81.42857 0, 165.3317 81.45732 0, 165.3408 81.48583 0, 165.351 81.51413 0, 165.362 81.54224 0, 165.3737 81.57021 0, 165.3861 81.59805 0, 165.3989 81.62579 0, 165.412 81.65347 0, 165.4253 81.6811 0, 165.4387 81.70872 0, 165.4519 81.73637 0, 165.465 81.76407 0, 165.4776 81.79184 0, 165.4898 81.81971 0, 165.509 81.86566 0, 165.528 81.91252 0, 165.5471 81.96007 0, 165.5666 82.00812 0, 165.5865 82.05647 0, 165.6071 82.1049 0, 165.6286 82.15324 0, 165.6512 82.20126 0, 165.6752 82.24877 0, 165.7007 82.29557 0, 165.7279 82.34146 0, 165.7571 82.38623 0, 165.7884 82.42968 0, 165.8221 82.47162 0, 165.8317 82.48235 0, 165.842 82.49267 0, 165.8529 82.50261 0, 165.8643 82.51224 0, 165.8761 82.52159 0, 165.8882 82.53072 0, 165.9006 82.5397 0, 165.9132 82.54855 0, 165.9259 82.55733 0, 165.9386 82.56609 0, 165.9513 82.57489 0, 165.9638 82.58378 0, 165.9761 82.5928 0, 165.9882 82.602 0, 166.0117 82.62081 0, 166.0349 82.63994 0, 166.0578 82.6593 0, 166.0806 82.6788 0, 166.1033 82.69836 0, 166.126 82.7179 0, 166.1488 82.73732 0, 166.1719 82.75653 0, 166.1953 82.77546 0, 166.2191 82.79401 0, 166.2435 82.81211 0, 166.2684 82.82966 0, 166.294 82.84657 0, 166.3204 82.86276 0, 166.3422 82.87461 0, 166.3648 82.88529 0, 166.3883 82.89499 0, 166.4123 82.90392 0, 166.4368 82.91225 0, 166.4616 82.9202 0, 166.4866 82.92796 0, 166.5115 82.93571 0, 166.5363 82.94366 0, 166.5608 82.952 0, 166.5849 82.96091 0, 166.6083 82.97062 0, 166.6309 82.98129 0, 166.6527 82.99313 0, 166.6789 83.00948 0, 166.7041 83.02678 0, 166.7284 83.04489 0, 166.752 83.06366 0, 166.7749 83.08293 0, 166.7975 83.10255 0, 166.8199 83.12238 0, 166.8423 83.14225 0, 166.8647 83.16202 0, 166.8875 83.18152 0, 166.9107 83.20061 0, 166.9346 83.21915 0, 166.9593 83.23695 0, 166.9849 83.2539 0, 167.0677 83.30437 0, 167.1487 83.35079 0, 167.2283 83.39368 0, 167.3071 83.43353 0, 167.3854 83.47085 0, 167.4637 83.50613 0, 167.5426 83.53989 0, 167.6224 83.57261 0, 167.7037 83.6048 0, 167.7868 83.63697 0, 167.8724 83.66962 0, 167.9607 83.70324 0, 168.0524 83.73834 0, 168.1478 83.77543 0, 168.3262 83.84528 0, 168.4376 83.88863 0, 168.4941 83.91049 0, 168.5079 83.91589 0, 168.4912 83.90981 0, 168.4561 83.8973 0, 168.4149 83.88335 0, 168.3798 83.87297 0, 168.3629 83.87119 0, 168.3764 83.883 0, 168.4326 83.91344 0, 168.5435 83.9675 0, 168.7214 84.0502 0, 168.9784 84.16656 0, 169.0247 84.18694 0, 169.0713 84.20681 0, 169.1183 84.22621 0, 169.1655 84.24522 0, 169.2129 84.2639 0, 169.2605 84.28231 0, 169.3083 84.30051 0, 169.3561 84.31857 0, 169.404 84.33653 0, 169.452 84.35448 0, 169.4998 84.37247 0, 169.5477 84.39057 0, 169.5954 84.40884 0, 169.6429 84.42732 0, 169.6666 84.43681 0, 169.69 84.44661 0, 169.7134 84.45663 0, 169.7367 84.46679 0, 169.7599 84.47701 0, 169.7832 84.4872 0, 169.8065 84.49728 0, 169.83 84.50716 0, 169.8536 84.51677 0, 169.8773 84.52602 0, 169.9013 84.53481 0, 169.9256 84.54308 0, 169.9502 84.55074 0, 169.9752 84.55771 0, 170.0886 84.58614 0, 170.1944 84.61015 0, 170.2937 84.6301 0, 170.3879 84.64636 0, 170.4779 84.65931 0, 170.5652 84.66931 0, 170.6507 84.67675 0, 170.7359 84.68199 0, 170.8217 84.6854 0, 170.9096 84.68736 0, 171.0005 84.68823 0, 171.0958 84.6884 0, 171.1966 84.68822 0, 171.3042 84.68808 0, 171.3344 84.68836 0, 171.3745 84.68913 0, 171.4227 84.69022 0, 171.4773 84.69155 0, 171.5363 84.69296 0, 171.598 84.69432 0, 171.6605 84.69551 0, 171.7221 84.6964 0, 171.7808 84.69685 0, 171.8349 84.69675 0, 171.8826 84.69595 0, 171.922 84.69432 0, 171.9513 84.69174 0, 171.9687 84.68808 0, 171.9831 84.6815 0, 171.9963 84.67366 0, 172.0086 84.66476 0, 172.02 84.65504 0, 172.0309 84.64468 0, 172.0415 84.6339 0, 172.0518 84.6229 0, 172.0621 84.61192 0, 172.0726 84.60114 0, 172.0835 84.59077 0, 172.095 84.58104 0, 172.1073 84.57214 0, 172.1205 84.56429 0, 172.1348 84.55771 0, 172.1458 84.55455 0, 172.1576 84.5532 0, 172.1698 84.55332 0, 172.1826 84.55458 0, 172.1956 84.55666 0, 172.2087 84.55923 0, 172.2218 84.56194 0, 172.2347 84.56449 0, 172.2474 84.56654 0, 172.2596 84.56775 0, 172.2712 84.5678 0, 172.282 84.56637 0, 172.292 84.56311 0, 172.301 84.55771 0, 172.3076 84.55056 0, 172.3112 84.54242 0, 172.3123 84.53344 0, 172.3112 84.52379 0, 172.3087 84.51364 0, 172.3051 84.50316 0, 172.301 84.49252 0, 172.2968 84.48186 0, 172.2932 84.47138 0, 172.2907 84.46124 0, 172.2896 84.45159 0, 172.2907 84.44261 0, 172.2943 84.43446 0, 172.301 84.42732 0, 172.3099 84.42192 0, 172.3199 84.41866 0, 172.3308 84.41723 0, 172.3424 84.41728 0, 172.3546 84.4185 0, 172.3672 84.42054 0, 172.3801 84.42309 0, 172.3932 84.4258 0, 172.4064 84.42837 0, 172.4193 84.43045 0, 172.4321 84.43171 0, 172.4443 84.43183 0, 172.4561 84.43048 0, 172.4671 84.42732 0, 172.4815 84.42074 0, 172.4947 84.4129 0, 172.5069 84.40401 0, 172.5184 84.39427 0, 172.5293 84.38391 0, 172.5398 84.37313 0, 172.5502 84.36214 0, 172.5605 84.35115 0, 172.571 84.34037 0, 172.5819 84.33001 0, 172.5934 84.32027 0, 172.6056 84.31138 0, 172.6189 84.30354 0, 172.6332 84.29694 0, 172.6442 84.29379 0, 172.6559 84.29243 0, 172.6682 84.29256 0, 172.6809 84.29382 0, 172.6939 84.2959 0, 172.707 84.29846 0, 172.7202 84.30119 0, 172.7331 84.30373 0, 172.7457 84.30577 0, 172.7579 84.30698 0, 172.7695 84.30704 0, 172.7804 84.3056 0, 172.7904 84.30235 0, 172.7993 84.29694 0, 172.806 84.2898 0, 172.8096 84.28165 0, 172.8106 84.27267 0, 172.8096 84.26303 0, 172.807 84.25288 0, 172.8035 84.2424 0, 172.7993 84.23175 0, 172.7952 84.2211 0, 172.7916 84.21062 0, 172.789 84.20047 0, 172.788 84.19083 0, 172.789 84.18185 0, 172.7926 84.17371 0, 172.7993 84.16656 0, 172.8083 84.16116 0, 172.8183 84.15791 0, 172.8291 84.15646 0, 172.8407 84.15652 0, 172.8529 84.15773 0, 172.8656 84.15977 0, 172.8785 84.16232 0, 172.8916 84.16505 0, 172.9047 84.16761 0, 172.9177 84.16969 0, 172.9304 84.17095 0, 172.9427 84.17107 0, 172.9544 84.16972 0, 172.9655 84.16656 0, 173.0067 84.14752 0, 173.0454 84.12437 0, 173.0818 84.0978 0, 173.1166 84.0685 0, 173.15 84.03713 0, 173.1825 84.00441 0, 173.2146 83.97099 0, 173.2467 83.93758 0, 173.2793 83.90485 0, 173.3127 83.8735 0, 173.3474 83.84418 0, 173.3839 83.81762 0, 173.4226 83.79447 0, 173.4638 83.77543 0, 173.4749 83.77227 0, 173.4866 83.77092 0, 173.4989 83.77103 0, 173.5116 83.7723 0, 173.5246 83.77438 0, 173.5377 83.77694 0, 173.5508 83.77966 0, 173.5638 83.78221 0, 173.5764 83.78426 0, 173.5886 83.78547 0, 173.6002 83.78552 0, 173.611 83.78408 0, 173.621 83.78083 0, 173.63 83.77543 0, 173.6366 83.76828 0, 173.6402 83.76014 0, 173.6413 83.75116 0, 173.6402 83.74151 0, 173.6377 83.73136 0, 173.6341 83.72088 0, 173.63 83.71023 0, 173.6258 83.69958 0, 173.6222 83.6891 0, 173.6197 83.67896 0, 173.6187 83.6693 0, 173.6197 83.66032 0, 173.6233 83.65218 0, 173.63 83.64504 0, 173.6482 83.63456 0, 173.6689 83.62891 0, 173.6918 83.6273 0, 173.7164 83.62891 0, 173.7422 83.63295 0, 173.769 83.63859 0, 173.7961 83.64504 0, 173.8232 83.65149 0, 173.8499 83.65714 0, 173.8758 83.66117 0, 173.9004 83.66278 0, 173.9233 83.66117 0, 173.944 83.65553 0, 173.9622 83.64504 0, 173.9689 83.63789 0, 173.9725 83.62975 0, 173.9735 83.62077 0, 173.9725 83.61112 0, 173.9699 83.60098 0, 173.9663 83.59049 0, 173.9622 83.57985 0, 173.9581 83.5692 0, 173.9545 83.55872 0, 173.9519 83.54857 0, 173.9509 83.53893 0, 173.9519 83.52995 0, 173.9555 83.5218 0, 173.9622 83.51466 0, 173.9748 83.51009 0, 173.9971 83.50761 0, 174.0274 83.50687 0, 174.0644 83.50751 0, 174.1064 83.5092 0, 174.1519 83.51159 0, 174.1994 83.51434 0, 174.2475 83.5171 0, 174.2945 83.51953 0, 174.3389 83.52129 0, 174.3793 83.52202 0, 174.414 83.52139 0, 174.4416 83.51905 0, 174.4606 83.51466 0, 174.475 83.50807 0, 174.4882 83.50023 0, 174.5004 83.49134 0, 174.5119 83.48161 0, 174.5228 83.47125 0, 174.5334 83.46047 0, 174.5437 83.44948 0, 174.554 83.43849 0, 174.5645 83.4277 0, 174.5754 83.41734 0, 174.5869 83.40761 0, 174.5991 83.39872 0, 174.6124 83.39087 0, 174.6267 83.38428 0, 174.6566 83.37539 0, 174.6892 83.37061 0, 174.7239 83.36923 0, 174.7604 83.37061 0, 174.7982 83.37402 0, 174.8368 83.37881 0, 174.8759 83.38428 0, 174.915 83.38976 0, 174.9536 83.39454 0, 174.9914 83.39796 0, 175.0279 83.39933 0, 175.0626 83.39796 0, 175.0952 83.39317 0, 175.1251 83.38428 0, 175.1395 83.3777 0, 175.1527 83.36986 0, 175.1649 83.36096 0, 175.1764 83.35123 0, 175.1873 83.34087 0, 175.1979 83.33009 0, 175.2082 83.3191 0, 175.2185 83.30811 0, 175.229 83.29733 0, 175.2399 83.28696 0, 175.2514 83.27723 0, 175.2636 83.26833 0, 175.2769 83.26048 0, 175.2912 83.2539 0, 175.3133 83.24759 0, 175.3367 83.24488 0, 175.3613 83.24512 0, 175.3867 83.24765 0, 175.4127 83.2518 0, 175.4389 83.25693 0, 175.4651 83.26237 0, 175.491 83.26746 0, 175.5163 83.27155 0, 175.5407 83.27398 0, 175.5639 83.27409 0, 175.5856 83.27121 0, 175.6056 83.2647 0, 175.6235 83.2539 0, 175.6302 83.24675 0, 175.6338 83.23861 0, 175.6348 83.22963 0, 175.6338 83.21998 0, 175.6312 83.20983 0, 175.6276 83.19935 0, 175.6235 83.18871 0, 175.6194 83.17805 0, 175.6158 83.16757 0, 175.6132 83.15742 0, 175.6122 83.14778 0, 175.6132 83.1388 0, 175.6168 83.13066 0, 175.6235 83.12352 0, 175.6414 83.11272 0, 175.6613 83.10621 0, 175.6831 83.10334 0, 175.7063 83.10345 0, 175.7306 83.10587 0, 175.7559 83.10996 0, 175.7818 83.11505 0, 175.808 83.12049 0, 175.8343 83.12562 0, 175.8602 83.12977 0, 175.8857 83.1323 0, 175.9102 83.13254 0, 175.9337 83.12983 0, 175.9557 83.12352 0, 175.9701 83.11694 0, 175.9833 83.10909 0, 175.9956 83.1002 0, 176.0071 83.09047 0, 176.018 83.08011 0, 176.0285 83.06933 0, 176.0388 83.05834 0, 176.0491 83.04735 0, 176.0596 83.03657 0, 176.0706 83.0262 0, 176.082 83.01647 0, 176.0943 83.00758 0, 176.1075 82.99973 0, 176.1219 82.99313 0, 176.1329 82.98998 0, 176.1446 82.98863 0, 176.1569 82.98875 0, 176.1696 82.99001 0, 176.1826 82.99209 0, 176.1957 82.99465 0, 176.2088 82.99738 0, 176.2217 82.99992 0, 176.2344 83.00197 0, 176.2466 83.00318 0, 176.2582 83.00323 0, 176.269 83.00179 0, 176.279 82.99854 0, 176.288 82.99313 0, 176.2947 82.98599 0, 176.2982 82.97785 0, 176.2993 82.96887 0, 176.2982 82.95922 0, 176.2957 82.94907 0, 176.2921 82.93859 0, 176.288 82.92794 0, 176.2839 82.9173 0, 176.2803 82.90681 0, 176.2777 82.89667 0, 176.2767 82.88702 0, 176.2777 82.87804 0, 176.2813 82.8699 0, 176.288 82.86276 0, 176.2969 82.85735 0, 176.3069 82.8541 0, 176.3178 82.85266 0, 176.3294 82.85271 0, 176.3416 82.85393 0, 176.3542 82.85597 0, 176.3672 82.85852 0, 176.3803 82.86124 0, 176.3934 82.86381 0, 176.4064 82.86588 0, 176.4191 82.86715 0, 176.4314 82.86727 0, 176.4431 82.86591 0, 176.4541 82.86276 0, 176.5228 82.83488 0, 176.5729 82.81237 0, 176.6071 82.79424 0, 176.6276 82.77949 0, 176.637 82.76715 0, 176.6376 82.75624 0, 176.6319 82.74577 0, 176.6224 82.73475 0, 176.6114 82.7222 0, 176.6014 82.70713 0, 176.5949 82.68856 0, 176.5942 82.6655 0, 176.6019 82.63698 0, 176.6202 82.602 0, 176.6445 82.56961 0, 176.674 82.53928 0, 176.7079 82.51066 0, 176.7452 82.4834 0, 176.7852 82.45717 0, 176.8269 82.43163 0, 176.8694 82.40643 0, 176.912 82.38123 0, 176.9537 82.35568 0, 176.9937 82.32945 0, 177.031 82.3022 0, 177.0648 82.27357 0, 177.0943 82.24324 0, 177.1186 82.21085 0, 177.1228 82.20232 0, 177.1251 82.19343 0, 177.1258 82.18423 0, 177.1251 82.1748 0, 177.1235 82.16519 0, 177.1212 82.15546 0, 177.1186 82.14566 0, 177.116 82.13587 0, 177.1137 82.12614 0, 177.1121 82.11652 0, 177.1114 82.10709 0, 177.1121 82.0979 0, 177.1144 82.089 0, 177.1186 82.08047 0, 177.1891 82.02593 0, 177.2404 81.98769 0, 177.2751 81.96306 0, 177.2955 81.94933 0, 177.3044 81.94383 0, 177.3042 81.94386 0, 177.2976 81.94672 0, 177.2871 81.94971 0, 177.2752 81.95014 0, 177.2645 81.94534 0, 177.2575 81.93258 0, 177.2569 81.90919 0, 177.2651 81.87246 0, 177.2847 81.81971 0, 177.3025 81.78051 0, 177.322 81.74189 0, 177.343 81.70377 0, 177.3655 81.66609 0, 177.389 81.62878 0, 177.4135 81.59177 0, 177.4387 81.555 0, 177.4644 81.51838 0, 177.4903 81.48186 0, 177.5164 81.44535 0, 177.5423 81.40881 0, 177.5678 81.37214 0, 177.5928 81.3353 0, 177.617 81.29819 0, 177.6292 81.27967 0, 177.642 81.26133 0, 177.6553 81.24311 0, 177.6689 81.22498 0, 177.6826 81.20687 0, 177.6962 81.18875 0, 177.7095 81.17057 0, 177.7225 81.15228 0, 177.735 81.13382 0, 177.7467 81.11515 0, 177.7576 81.09623 0, 177.7673 81.077 0, 177.7759 81.05742 0, 177.7831 81.03743 0, 177.7878 81.01926 0, 177.7904 81.00091 0, 177.7914 80.9824 0, 177.7911 80.96377 0, 177.7897 80.94504 0, 177.7876 80.92624 0, 177.785 80.90739 0, 177.7825 80.88853 0, 177.7801 80.86969 0, 177.7783 80.85089 0, 177.7774 80.83216 0, 177.7777 80.81353 0, 177.7795 80.79502 0, 177.7831 80.77667 0, 177.7915 80.748 0, 177.8018 80.71971 0, 177.8137 80.69173 0, 177.8268 80.66399 0, 177.8407 80.63643 0, 177.8551 80.60899 0, 177.8698 80.58158 0, 177.8843 80.55416 0, 177.8983 80.52666 0, 177.9115 80.499 0, 177.9235 80.47112 0, 177.934 80.44296 0, 177.9427 80.41446 0, 177.9492 80.38553 0, 177.9545 80.34857 0, 177.9572 80.31145 0, 177.9577 80.27422 0, 177.9566 80.23688 0, 177.9542 80.19946 0, 177.951 80.16201 0, 177.9474 80.12454 0, 177.9438 80.08707 0, 177.9408 80.04965 0, 177.9388 80.01229 0, 177.9382 79.97501 0, 177.9394 79.93786 0, 177.9429 79.90085 0, 177.9492 79.86401 0, 177.9546 79.84373 0, 177.9619 79.82394 0, 177.9709 79.80459 0, 177.9814 79.7856 0, 177.9931 79.76692 0, 178.0057 79.7485 0, 178.0192 79.73028 0, 178.0331 79.71219 0, 178.0474 79.69418 0, 178.0618 79.67619 0, 178.076 79.65816 0, 178.0898 79.64003 0, 178.103 79.62174 0, 178.1154 79.60325 0, 178.1275 79.56605 0, 178.1403 79.52893 0, 178.1535 79.49187 0, 178.1669 79.45486 0, 178.1804 79.41786 0, 178.1938 79.38085 0, 178.2071 79.34382 0, 178.22 79.30672 0, 178.2324 79.26955 0, 178.2441 79.23228 0, 178.2551 79.19489 0, 178.265 79.15735 0, 178.2739 79.11963 0, 178.2815 79.08173 0, 178.2855 79.05401 0, 178.2876 79.02619 0, 178.2883 78.99829 0, 178.2876 78.97031 0, 178.2861 78.94229 0, 178.284 78.91423 0, 178.2815 78.88615 0, 178.279 78.85808 0, 178.2769 78.83002 0, 178.2753 78.80199 0, 178.2747 78.77402 0, 178.2753 78.74612 0, 178.2775 78.7183 0, 178.2815 78.69058 0, 178.2893 78.65272 0, 178.2989 78.61511 0, 178.3098 78.57774 0, 178.322 78.54053 0, 178.335 78.50347 0, 178.3486 78.4665 0, 178.3626 78.42958 0, 178.3766 78.39268 0, 178.3905 78.35574 0, 178.4039 78.31872 0, 178.4166 78.28159 0, 178.4283 78.24429 0, 178.4387 78.2068 0, 178.4476 78.16906 0, 178.4507 78.15063 0, 178.4524 78.13212 0, 178.4529 78.11353 0, 178.4524 78.09487 0, 178.4512 78.07616 0, 178.4495 78.05743 0, 178.4476 78.03868 0, 178.4457 78.01993 0, 178.444 78.0012 0, 178.4428 77.98249 0, 178.4424 77.96384 0, 178.4428 77.94524 0, 178.4445 77.92673 0, 178.4476 77.9083 0, 178.4566 77.87057 0, 178.4675 77.83311 0, 178.4797 77.79588 0, 178.493 77.7588 0, 178.5071 77.72186 0, 178.5216 77.68497 0, 178.5363 77.64812 0, 178.5506 77.61124 0, 178.5645 77.5743 0, 178.5774 77.53722 0, 178.5892 77.49999 0, 178.5993 77.46253 0, 178.6077 77.42481 0, 178.6137 77.38678 0, 178.6198 77.33114 0, 178.6241 77.27543 0, 178.6269 77.21966 0, 178.6282 77.16383 0, 178.6284 77.10796 0, 178.6276 77.05206 0, 178.6261 76.99612 0, 178.6241 76.94017 0, 178.6219 76.8842 0, 178.6195 76.82823 0, 178.6173 76.77227 0, 178.6155 76.71632 0, 178.6142 76.66039 0, 178.6137 76.6045 0, 178.6137 76.51137 0, 178.6137 76.41824 0, 178.6137 76.32511 0, 178.6137 76.23198 0, 178.6137 76.13885 0, 178.6137 76.04572 0, 178.6137 75.95259 0, 178.6137 75.85947 0, 178.6137 75.76633 0, 178.6137 75.67321 0, 178.6137 75.58008 0, 178.6137 75.48695 0, 178.6137 75.39382 0, 178.6137 75.30069 0, 178.6137 75.2355 0, 178.6137 75.17031 0, 178.6137 75.10513 0, 178.6137 75.03993 0, 178.6137 74.97474 0, 178.6137 74.90955 0, 178.6137 74.84436 0, 178.6137 74.77917 0, 178.6137 74.71398 0, 178.6137 74.64879 0, 178.6137 74.5836 0, 178.6137 74.51841 0, 178.6137 74.45322 0, 178.6137 74.38803 0, 178.6133 74.34145 0, 178.6121 74.29483 0, 178.6104 74.24819 0, 178.6084 74.20154 0, 178.6062 74.15488 0, 178.6041 74.10822 0, 178.6022 74.06158 0, 178.6009 74.01495 0, 178.6002 73.96836 0, 178.6003 73.92181 0, 178.6016 73.87529 0, 178.6041 73.82883 0, 178.6081 73.78245 0, 178.6137 73.73613 0, 178.6205 73.69816 0, 178.6299 73.66053 0, 178.6413 73.6232 0, 178.6544 73.58609 0, 178.6687 73.54915 0, 178.6837 73.51232 0, 178.6991 73.47555 0, 178.7144 73.43876 0, 178.7292 73.40191 0, 178.743 73.36494 0, 178.7554 73.32777 0, 178.766 73.29037 0, 178.7743 73.25267 0, 178.7799 73.21461 0, 178.7867 73.14032 0, 178.7914 73.06598 0, 178.7945 72.99157 0, 178.796 72.91711 0, 178.7962 72.84262 0, 178.7953 72.76809 0, 178.7937 72.69353 0, 178.7914 72.61896 0, 178.7889 72.54437 0, 178.7863 72.46978 0, 178.7838 72.3952 0, 178.7818 72.32063 0, 178.7804 72.24608 0, 178.7799 72.17156 0, 178.7799 72.11568 0, 178.7799 72.05981 0, 178.7799 72.00393 0, 178.7799 71.94805 0, 178.7799 71.89217 0, 178.7799 71.8363 0, 178.7799 71.78042 0, 178.7799 71.72454 0, 178.7799 71.66866 0, 178.7799 71.61279 0, 178.7799 71.55691 0, 178.7799 71.50103 0, 178.7799 71.44515 0, 178.7799 71.38927 0, 178.7799 71.27745 0, 178.7799 71.14721 0, 178.7799 71.00172 0, 178.7799 70.84418 0, 178.7799 70.67775 0, 178.7799 70.50559 0, 178.7799 70.33089 0, 178.7799 70.15682 0, 178.7799 69.98654 0, 178.7799 69.82324 0, 178.7799 69.67008 0, 178.7799 69.53024 0, 178.7799 69.40688 0, 178.7799 69.30319 0, 178.7802 69.21937 0, 178.7812 69.13554 0, 178.7826 69.05169 0, 178.7842 68.96784 0, 178.786 68.88399 0, 178.7877 68.80014 0, 178.7892 68.71629 0, 178.7903 68.63246 0, 178.7909 68.54863 0, 178.7908 68.46482 0, 178.7897 68.38102 0, 178.7877 68.29724 0, 178.7845 68.21349 0, 178.7799 68.12977 0, 178.7722 68.02709 0, 178.7627 67.92452 0, 178.7516 67.82204 0, 178.7392 67.71963 0, 178.7258 67.61727 0, 178.7117 67.51495 0, 178.6974 67.41265 0, 178.683 67.31035 0, 178.6689 67.20803 0, 178.6554 67.10568 0, 178.6428 67.00328 0, 178.6315 66.9008 0, 178.6217 66.79825 0, 178.6137 66.69558 0, 178.6094 66.62117 0, 178.6064 66.54673 0, 178.6045 66.47226 0, 178.6035 66.39778 0, 178.6034 66.32328 0, 178.6039 66.24876 0, 178.605 66.17424 0, 178.6064 66.09971 0, 178.608 66.02517 0, 178.6096 65.95064 0, 178.6112 65.8761 0, 178.6125 65.80157 0, 178.6134 65.72705 0, 178.6137 65.65253 0, 178.6137 65.55941 0, 178.6137 65.46628 0, 178.6137 65.37315 0, 178.6137 65.28002 0, 178.6137 65.1869 0, 178.6137 65.09377 0, 178.6137 65.00063 0, 178.6137 64.90751 0, 178.6137 64.81438 0, 178.6137 64.72125 0, 178.6137 64.62812 0, 178.6137 64.53499 0, 178.6137 64.44186 0, 178.6137 64.34873 0, 178.614 64.29285 0, 178.6148 64.23695 0, 178.616 64.18105 0, 178.6174 64.12514 0, 178.6188 64.06922 0, 178.6203 64.01331 0, 178.6215 63.9574 0, 178.6224 63.9015 0, 178.6229 63.84561 0, 178.6228 63.78974 0, 178.6219 63.73388 0, 178.6203 63.67804 0, 178.6176 63.62223 0, 178.6137 63.56645 0, 178.6053 63.4731 0, 178.5952 63.37986 0, 178.5837 63.28671 0, 178.571 63.19362 0, 178.5575 63.10059 0, 178.5435 63.0076 0, 178.5292 62.91462 0, 178.515 62.82163 0, 178.5012 62.72863 0, 178.488 62.63559 0, 178.4757 62.54248 0, 178.4647 62.44931 0, 178.4552 62.35603 0, 178.4476 62.26265 0, 178.4407 62.1324 0, 178.4378 62.00205 0, 178.4381 61.8716 0, 178.4411 61.7411 0, 178.4458 61.61054 0, 178.4517 61.47997 0, 178.4578 61.3494 0, 178.4635 61.21885 0, 178.4681 61.08834 0, 178.4708 60.95791 0, 178.4708 60.82757 0, 178.4675 60.69734 0, 178.46 60.56725 0, 178.4476 60.43732 0, 178.429 60.28788 0, 178.408 60.13864 0, 178.3851 59.98957 0, 178.3605 59.84063 0, 178.3349 59.69179 0, 178.3084 59.54301 0, 178.2815 59.39428 0, 178.2546 59.24554 0, 178.2281 59.09676 0, 178.2024 58.94792 0, 178.1779 58.79898 0, 178.155 58.64991 0, 178.134 58.50067 0, 178.1154 58.35123 0, 178.1098 58.29555 0, 178.1059 58.23981 0, 178.1034 58.18402 0, 178.1022 58.12819 0, 178.1021 58.07232 0, 178.1028 58.01642 0, 178.1041 57.96049 0, 178.1059 57.90455 0, 178.108 57.8486 0, 178.1101 57.79264 0, 178.1121 57.7367 0, 178.1138 57.68076 0, 178.1149 57.62484 0, 178.1154 57.56895 0, 178.1154 57.52238 0, 178.1154 57.47582 0, 178.1154 57.42926 0, 178.1154 57.38269 0, 178.1154 57.33613 0, 178.1154 57.28956 0, 178.1154 57.243 0, 178.1154 57.19643 0, 178.1154 57.14987 0, 178.1154 57.10331 0, 178.1154 57.05674 0, 178.1154 57.01018 0, 178.1154 56.96361 0, 178.1154 56.91705 0, 178.1154 56.77736 0, 178.1154 56.63766 0, 178.1154 56.49797 0, 178.1154 56.35827 0, 178.1154 56.21858 0, 178.1154 56.07889 0, 178.1154 55.93919 0, 178.1154 55.7995 0, 178.1154 55.65981 0, 178.1154 55.52011 0, 178.1154 55.38042 0, 178.1154 55.24073 0, 178.1154 55.10103 0, 178.1154 54.96134 0, 178.1149 54.88683 0, 178.1137 54.81229 0, 178.1119 54.73774 0, 178.1098 54.66317 0, 178.1076 54.58861 0, 178.1054 54.51404 0, 178.1035 54.43949 0, 178.1021 54.36494 0, 178.1014 54.29042 0, 178.1015 54.21592 0, 178.1028 54.14146 0, 178.1054 54.06702 0, 178.1095 53.99264 0, 178.1154 53.9183 0, 178.1218 53.86192 0, 178.1305 53.80575 0, 178.1412 53.74977 0, 178.1534 53.69395 0, 178.1669 53.63823 0, 178.1812 53.5826 0, 178.196 53.527 0, 178.2108 53.47141 0, 178.2254 53.41579 0, 178.2394 53.36011 0, 178.2524 53.30433 0, 178.2639 53.24841 0, 178.2738 53.19231 0, 178.2815 53.13601 0, 178.2861 53.08961 0, 178.2894 53.04317 0, 178.2914 52.99667 0, 178.2924 52.95015 0, 178.2926 52.90359 0, 178.292 52.857 0, 178.2909 52.8104 0, 178.2894 52.76378 0, 178.2877 52.71715 0, 178.2859 52.67052 0, 178.2842 52.6239 0, 178.2828 52.57729 0, 178.2818 52.53069 0, 178.2815 52.48411 0, 178.2815 52.35373 0, 178.2815 52.22335 0, 178.2815 52.09297 0, 178.2815 51.96259 0, 178.2815 51.83221 0, 178.2815 51.70183 0, 178.2815 51.57145 0, 178.2815 51.44107 0, 178.2815 51.31069 0, 178.2815 51.18031 0, 178.2815 51.04993 0, 178.2815 50.91954 0, 178.2815 50.78917 0, 178.2815 50.65879 0, 178.2815 50.56565 0, 178.2815 50.47253 0, 178.2815 50.3794 0, 178.2815 50.28627 0, 178.2815 50.19314 0, 178.2815 50.10001 0, 178.2815 50.00688 0, 178.2815 49.91375 0, 178.2815 49.82063 0, 178.2815 49.7275 0, 178.2815 49.63437 0, 178.2815 49.54124 0, 178.2815 49.44811 0, 178.2815 49.35498 0, 178.281 49.3177 0, 178.2798 49.28038 0, 178.2781 49.24304 0, 178.276 49.20567 0, 178.2738 49.16829 0, 178.2716 49.13092 0, 178.2697 49.09356 0, 178.2683 49.05624 0, 178.2676 49.01894 0, 178.2677 48.9817 0, 178.269 48.94452 0, 178.2716 48.90741 0, 178.2757 48.87039 0, 178.2815 48.83346 0, 178.288 48.80453 0, 178.2967 48.77602 0, 178.3072 48.74786 0, 178.3193 48.71999 0, 178.3324 48.69233 0, 178.3465 48.66483 0, 178.361 48.63741 0, 178.3756 48.61 0, 178.3901 48.58256 0, 178.404 48.555 0, 178.4171 48.52726 0, 178.4289 48.49928 0, 178.4392 48.47099 0, 178.4476 48.44232 0, 178.4516 48.424 0, 178.4544 48.4056 0, 178.4562 48.38711 0, 178.4571 48.36855 0, 178.4572 48.34994 0, 178.4567 48.33127 0, 178.4557 48.31257 0, 178.4544 48.29384 0, 178.4529 48.2751 0, 178.4514 48.25636 0, 178.45 48.23762 0, 178.4487 48.2189 0, 178.4479 48.20021 0, 178.4476 48.18156 0, 178.4482 48.17206 0, 178.4497 48.16226 0, 178.4519 48.15224 0, 178.4545 48.14208 0, 178.4573 48.13186 0, 178.4599 48.12167 0, 178.4623 48.11159 0, 178.4641 48.10171 0, 178.465 48.09211 0, 178.4648 48.08286 0, 178.4632 48.07406 0, 178.4599 48.06579 0, 178.4548 48.05814 0, 178.4476 48.05117 0, 178.4379 48.04488 0, 178.4261 48.03922 0, 178.4124 48.03428 0, 178.3975 48.03014 0, 178.3818 48.02688 0, 178.3658 48.02459 0, 178.3498 48.02335 0, 178.3345 48.02325 0, 178.3203 48.02437 0, 178.3076 48.02679 0, 178.2969 48.0306 0, 178.2886 48.03588 0, 178.2833 48.04271 0, 178.2815 48.05117 0, 178.284 48.05859 0, 178.2909 48.06259 0, 178.3016 48.06373 0, 178.3152 48.0626 0, 178.331 48.05976 0, 178.3482 48.05578 0, 178.3661 48.05122 0, 178.384 48.04667 0, 178.401 48.04268 0, 178.4165 48.03983 0, 178.4297 48.03868 0, 178.4397 48.03981 0, 178.446 48.04379 0, 178.4476 48.05117 0, 178.4333 48.1731 0, 178.4148 48.29463 0, 178.3927 48.41584 0, 178.3679 48.5368 0, 178.3409 48.65756 0, 178.3124 48.77819 0, 178.2832 48.89876 0, 178.2539 49.01932 0, 178.2253 49.13994 0, 178.1979 49.26068 0, 178.1725 49.3816 0, 178.1499 49.50278 0, 178.1306 49.62426 0, 178.1154 49.74612 0, 178.1062 49.84826 0, 178.1003 49.9505 0, 178.0971 50.05281 0, 178.0961 50.1552 0, 178.097 50.25764 0, 178.0993 50.36013 0, 178.1026 50.46266 0, 178.1064 50.56521 0, 178.1102 50.66777 0, 178.1137 50.77033 0, 178.1164 50.87287 0, 178.1179 50.97539 0, 178.1177 51.07787 0, 178.1154 51.18031 0, 178.1063 51.42252 0, 178.0958 51.66469 0, 178.0843 51.90683 0, 178.0719 52.14895 0, 178.0588 52.39106 0, 178.0453 52.63315 0, 178.0316 52.87524 0, 178.0179 53.11732 0, 178.0044 53.35942 0, 177.9915 53.60153 0, 177.9793 53.84365 0, 177.968 54.0858 0, 177.9579 54.32798 0, 177.9492 54.5702 0, 177.9437 54.76571 0, 177.9398 54.96125 0, 177.9374 55.15679 0, 177.9362 55.35235 0, 177.936 55.54792 0, 177.9367 55.7435 0, 177.938 55.93908 0, 177.9398 56.13467 0, 177.9419 56.33026 0, 177.944 56.52585 0, 177.946 56.72144 0, 177.9477 56.91703 0, 177.9488 57.11261 0, 177.9492 57.30819 0, 177.9488 57.40133 0, 177.9477 57.49448 0, 177.9461 57.58764 0, 177.9441 57.68081 0, 177.9421 57.77398 0, 177.9401 57.86715 0, 177.9383 57.96032 0, 177.937 58.05347 0, 177.9363 58.14661 0, 177.9365 58.23974 0, 177.9377 58.33284 0, 177.9401 58.42593 0, 177.9438 58.51897 0, 177.9492 58.612 0, 177.9561 58.69613 0, 177.9652 58.78012 0, 177.9761 58.86399 0, 177.9885 58.94777 0, 178.0021 59.03147 0, 178.0164 59.11513 0, 178.0311 59.19876 0, 178.0459 59.28238 0, 178.0603 59.36603 0, 178.0741 59.44972 0, 178.0869 59.53349 0, 178.0983 59.61734 0, 178.1079 59.70131 0, 178.1154 59.78542 0, 178.1235 59.92493 0, 178.1274 60.06455 0, 178.1278 60.20426 0, 178.1255 60.34404 0, 178.1213 60.48386 0, 178.1158 60.62371 0, 178.1098 60.76357 0, 178.104 60.90342 0, 178.0992 61.04323 0, 178.096 61.18299 0, 178.0954 61.32269 0, 178.0979 61.46228 0, 178.1043 61.60177 0, 178.1154 61.74112 0, 178.1526 62.06755 0, 178.1886 62.28931 0, 178.2225 62.42609 0, 178.2538 62.4976 0, 178.2819 62.52356 0, 178.306 62.52364 0, 178.3256 62.51757 0, 178.3399 62.52504 0, 178.3485 62.56575 0, 178.3506 62.65942 0, 178.3456 62.82573 0, 178.3328 63.08439 0, 178.3116 63.45511 0, 178.2815 63.95759 0, 178.2745 64.051 0, 178.265 64.14428 0, 178.2536 64.23744 0, 178.2406 64.33051 0, 178.2264 64.42352 0, 178.2115 64.51648 0, 178.1962 64.60942 0, 178.181 64.70236 0, 178.1664 64.79533 0, 178.1527 64.88836 0, 178.1403 64.98145 0, 178.1297 65.07464 0, 178.1212 65.16795 0, 178.1154 65.2614 0, 178.1089 65.41962 0, 178.1044 65.57787 0, 178.1015 65.73615 0, 178.1001 65.89445 0, 178.0999 66.05276 0, 178.1007 66.2111 0, 178.1023 66.36944 0, 178.1044 66.52779 0, 178.1068 66.68614 0, 178.1093 66.8445 0, 178.1116 67.00285 0, 178.1135 67.1612 0, 178.1149 67.31954 0, 178.1154 67.47787 0, 178.1157 67.54307 0, 178.1168 67.60828 0, 178.1183 67.67352 0, 178.1202 67.73876 0, 178.1221 67.80401 0, 178.124 67.86925 0, 178.1257 67.93449 0, 178.1269 67.99971 0, 178.1276 68.06492 0, 178.1274 68.1301 0, 178.1263 68.19527 0, 178.124 68.26039 0, 178.1205 68.32548 0, 178.1154 68.39053 0, 178.1083 68.45612 0, 178.0992 68.52154 0, 178.0885 68.58681 0, 178.0764 68.65198 0, 178.0633 68.71705 0, 178.0494 68.78207 0, 178.0351 68.84704 0, 178.0207 68.91201 0, 178.0065 68.977 0, 177.9928 69.04204 0, 177.9799 69.10715 0, 177.9681 69.17236 0, 177.9578 69.23769 0, 177.9492 69.30319 0, 177.9455 69.34031 0, 177.9429 69.37747 0, 177.9413 69.41467 0, 177.9405 69.45188 0, 177.9404 69.48914 0, 177.9408 69.5264 0, 177.9417 69.56368 0, 177.9429 69.60098 0, 177.9443 69.63828 0, 177.9457 69.67558 0, 177.9471 69.71288 0, 177.9482 69.75018 0, 177.9489 69.78745 0, 177.9492 69.82471 0, 177.9498 69.91785 0, 177.9512 70.01102 0, 177.9532 70.1042 0, 177.9557 70.1974 0, 177.9583 70.2906 0, 177.9608 70.38379 0, 177.9631 70.47697 0, 177.9647 70.57014 0, 177.9656 70.6633 0, 177.9654 70.75642 0, 177.9639 70.84951 0, 177.9608 70.94257 0, 177.9561 71.03557 0, 177.9492 71.12852 0, 177.9374 71.21233 0, 177.9255 71.29615 0, 177.9136 71.37997 0, 177.9017 71.46378 0, 177.8899 71.5476 0, 177.878 71.63142 0, 177.8661 71.71523 0, 177.8543 71.79904 0, 177.8424 71.88286 0, 177.8306 71.96667 0, 177.8187 72.05049 0, 177.8068 72.13431 0, 177.795 72.21812 0, 177.7831 72.30194 0, 177.7708 72.3298 0, 177.7578 72.35752 0, 177.7442 72.38515 0, 177.7303 72.4127 0, 177.7162 72.44024 0, 177.7023 72.46779 0, 177.6886 72.49538 0, 177.6753 72.52307 0, 177.6628 72.55088 0, 177.651 72.57885 0, 177.6404 72.60702 0, 177.6311 72.63542 0, 177.6232 72.66409 0, 177.617 72.69308 0, 177.6112 72.73001 0, 177.6071 72.76704 0, 177.6045 72.80415 0, 177.6032 72.84132 0, 177.6031 72.87856 0, 177.6038 72.91586 0, 177.6052 72.95319 0, 177.6071 72.99055 0, 177.6093 73.02792 0, 177.6115 73.06529 0, 177.6136 73.10266 0, 177.6153 73.14001 0, 177.6165 73.17733 0, 177.617 73.21461 0, 177.617 73.29842 0, 177.617 73.38224 0, 177.617 73.46605 0, 177.617 73.54987 0, 177.617 73.63368 0, 177.617 73.7175 0, 177.617 73.80132 0, 177.617 73.88513 0, 177.617 73.96895 0, 177.617 74.05276 0, 177.617 74.13658 0, 177.617 74.2204 0, 177.617 74.30421 0, 177.617 74.38803 0, 177.6174 74.41599 0, 177.6184 74.444 0, 177.6199 74.47204 0, 177.6217 74.50009 0, 177.6237 74.52816 0, 177.6256 74.55622 0, 177.6272 74.58427 0, 177.6284 74.61228 0, 177.6291 74.64027 0, 177.6289 74.66819 0, 177.6278 74.69606 0, 177.6256 74.72385 0, 177.622 74.75156 0, 177.617 74.77917 0, 177.6097 74.80801 0, 177.6005 74.83645 0, 177.5896 74.86457 0, 177.5775 74.89243 0, 177.5642 74.92008 0, 177.5503 74.9476 0, 177.536 74.97504 0, 177.5216 75.00247 0, 177.5074 75.02995 0, 177.4938 75.05755 0, 177.481 75.08532 0, 177.4694 75.11333 0, 177.4592 75.14164 0, 177.4509 75.17031 0, 177.4468 75.18863 0, 177.444 75.20703 0, 177.4422 75.22552 0, 177.4414 75.24408 0, 177.4412 75.2627 0, 177.4417 75.28136 0, 177.4427 75.30006 0, 177.444 75.31879 0, 177.4455 75.33752 0, 177.4471 75.35628 0, 177.4485 75.37502 0, 177.4497 75.39373 0, 177.4505 75.41242 0, 177.4509 75.43108 0, 177.4509 75.47764 0, 177.4509 75.5242 0, 177.4509 75.57076 0, 177.4509 75.61733 0, 177.4509 75.66389 0, 177.4509 75.71046 0, 177.4509 75.75703 0, 177.4509 75.80359 0, 177.4509 75.85015 0, 177.4509 75.89672 0, 177.4509 75.94328 0, 177.4509 75.98985 0, 177.4509 76.03641 0, 177.4509 76.08298 0, 177.4509 76.25061 0, 177.4509 76.41824 0, 177.4509 76.58587 0, 177.4509 76.7535 0, 177.4509 76.92113 0, 177.4509 77.08877 0, 177.4509 77.2564 0, 177.4509 77.42403 0, 177.4509 77.59166 0, 177.4509 77.75929 0, 177.4509 77.92693 0, 177.4509 78.09456 0, 177.4509 78.26219 0, 177.4509 78.42982 0, 177.4502 78.48574 0, 177.4484 78.54172 0, 177.4458 78.59774 0, 177.4426 78.65379 0, 177.4393 78.70985 0, 177.4361 78.76591 0, 177.4332 78.82195 0, 177.4311 78.87794 0, 177.43 78.93388 0, 177.4303 78.98975 0, 177.4322 79.04552 0, 177.4361 79.10117 0, 177.4422 79.15672 0, 177.4509 79.2121 0, 177.4575 79.24101 0, 177.4666 79.26947 0, 177.4776 79.29756 0, 177.4903 79.32535 0, 177.5042 79.35291 0, 177.5188 79.38033 0, 177.5339 79.40768 0, 177.549 79.43502 0, 177.5637 79.46244 0, 177.5775 79.49001 0, 177.5902 79.51779 0, 177.6013 79.54588 0, 177.6103 79.57434 0, 177.617 79.60325 0, 177.6277 79.67715 0, 177.6334 79.75134 0, 177.6351 79.82574 0, 177.6334 79.90034 0, 177.6293 79.97507 0, 177.6236 80.0499 0, 177.617 80.12477 0, 177.6104 80.19964 0, 177.6047 80.27446 0, 177.6006 80.3492 0, 177.5989 80.42379 0, 177.6006 80.4982 0, 177.6063 80.57239 0, 177.617 80.64629 0, 177.6235 80.67522 0, 177.6322 80.70373 0, 177.6427 80.73189 0, 177.6548 80.75976 0, 177.6679 80.78741 0, 177.682 80.81493 0, 177.6965 80.84235 0, 177.7111 80.86974 0, 177.7256 80.89719 0, 177.7395 80.92475 0, 177.7525 80.95249 0, 177.7644 80.98047 0, 177.7747 81.00876 0, 177.7831 81.03743 0, 177.7871 81.05575 0, 177.7899 81.07415 0, 177.7917 81.09264 0, 177.7926 81.1112 0, 177.7927 81.12981 0, 177.7922 81.14848 0, 177.7912 81.16718 0, 177.7899 81.18591 0, 177.7884 81.20465 0, 177.7869 81.2234 0, 177.7854 81.24213 0, 177.7842 81.26085 0, 177.7834 81.27954 0, 177.7831 81.29819 0, 177.7831 81.32613 0, 177.7831 81.35407 0, 177.7831 81.38201 0, 177.7831 81.40995 0, 177.7831 81.43789 0, 177.7831 81.46582 0, 177.7831 81.49376 0, 177.7831 81.5217 0, 177.7831 81.54964 0, 177.7831 81.57758 0, 177.7831 81.60551 0, 177.7831 81.63345 0, 177.7831 81.66139 0, 177.7831 81.68934 0, 177.7829 81.69866 0, 177.7824 81.70802 0, 177.7816 81.71741 0, 177.7808 81.72681 0, 177.7798 81.73621 0, 177.7789 81.74561 0, 177.7781 81.755 0, 177.7775 81.76437 0, 177.7772 81.77372 0, 177.7772 81.78303 0, 177.7778 81.79229 0, 177.7789 81.8015 0, 177.7806 81.81064 0, 177.7831 81.81971 0, 177.7926 81.8482 0, 177.8028 81.87652 0, 177.8136 81.9047 0, 177.8249 81.93276 0, 177.8367 81.96072 0, 177.8489 81.98859 0, 177.8613 82.0164 0, 177.874 82.04415 0, 177.8867 82.07189 0, 177.8995 82.09962 0, 177.9122 82.12736 0, 177.9248 82.15514 0, 177.9372 82.18296 0, 177.9492 82.21085 0, 177.961 82.23884 0, 177.9725 82.26688 0, 177.9838 82.29498 0, 177.995 82.3231 0, 178.0062 82.35123 0, 178.0174 82.37936 0, 178.0287 82.40747 0, 178.0401 82.43553 0, 178.0518 82.46353 0, 178.0637 82.49146 0, 178.0759 82.51929 0, 178.0886 82.547 0, 178.1017 82.57457 0, 178.1154 82.602 0, 178.1361 82.64032 0, 178.1586 82.67803 0, 178.1826 82.71524 0, 178.2077 82.75205 0, 178.2337 82.7886 0, 178.2601 82.82497 0, 178.2866 82.86129 0, 178.3129 82.89767 0, 178.3387 82.93422 0, 178.3636 82.97106 0, 178.3873 83.0083 0, 178.4094 83.04604 0, 178.4296 83.08441 0, 178.4476 83.12352 0, 178.4503 83.13261 0, 178.4511 83.14212 0, 178.4503 83.15196 0, 178.4484 83.16203 0, 178.4457 83.17223 0, 178.4426 83.18248 0, 178.4395 83.19266 0, 178.4367 83.20267 0, 178.4346 83.21243 0, 178.4335 83.22182 0, 178.4339 83.23077 0, 178.4362 83.23917 0, 178.4406 83.2469 0, 178.4476 83.2539 0, 178.4567 83.25914 0, 178.4671 83.26196 0, 178.4785 83.26277 0, 178.4908 83.26196 0, 178.5038 83.25995 0, 178.5171 83.25713 0, 178.5307 83.2539 0, 178.5443 83.25067 0, 178.5576 83.24785 0, 178.5705 83.24583 0, 178.5828 83.24503 0, 178.5943 83.24583 0, 178.6046 83.24866 0, 178.6137 83.2539 0, 178.6206 83.26093 0, 178.6248 83.26876 0, 178.6266 83.27728 0, 178.6265 83.28639 0, 178.625 83.29596 0, 178.6224 83.30588 0, 178.6191 83.31604 0, 178.6157 83.32632 0, 178.6124 83.33662 0, 178.6097 83.34681 0, 178.6081 83.35679 0, 178.608 83.36643 0, 178.6097 83.37563 0, 178.6137 83.38428 0, 178.6218 83.39572 0, 178.631 83.40653 0, 178.6412 83.41679 0, 178.6523 83.42657 0, 178.664 83.43594 0, 178.6764 83.44499 0, 178.6891 83.45379 0, 178.7022 83.46241 0, 178.7155 83.47093 0, 178.7288 83.47942 0, 178.7421 83.48797 0, 178.7551 83.49664 0, 178.7677 83.50551 0, 178.7799 83.51466 0, 178.7916 83.5241 0, 178.8031 83.53377 0, 178.8144 83.5436 0, 178.8256 83.55354 0, 178.8368 83.56351 0, 178.848 83.57348 0, 178.8593 83.58335 0, 178.8707 83.59309 0, 178.8823 83.60262 0, 178.8942 83.61189 0, 178.9065 83.62082 0, 178.9192 83.62936 0, 178.9323 83.63746 0, 178.946 83.64504 0, 178.9684 83.65614 0, 178.9914 83.6664 0, 179.015 83.67599 0, 179.0389 83.68503 0, 179.0631 83.69365 0, 179.0876 83.702 0, 179.1121 83.71022 0, 179.1366 83.71844 0, 179.1611 83.7268 0, 179.1853 83.73543 0, 179.2093 83.74447 0, 179.2328 83.75405 0, 179.2558 83.76433 0, 179.2782 83.77543 0, 179.2917 83.78323 0, 179.3043 83.79194 0, 179.3161 83.80137 0, 179.3274 83.81137 0, 179.3383 83.82176 0, 179.3489 83.83239 0, 179.3595 83.84309 0, 179.3701 83.85368 0, 179.381 83.86401 0, 179.3922 83.87389 0, 179.404 83.88319 0, 179.4165 83.89172 0, 179.4299 83.89931 0, 179.4444 83.9058 0, 179.4552 83.90912 0, 179.4666 83.9109 0, 179.4783 83.91142 0, 179.4903 83.9109 0, 179.5025 83.90963 0, 179.5149 83.90784 0, 179.5274 83.9058 0, 179.5399 83.90376 0, 179.5523 83.90198 0, 179.5645 83.9007 0, 179.5766 83.90019 0, 179.5883 83.9007 0, 179.5996 83.90249 0, 179.6105 83.9058 0, 179.7125 83.95054 0, 179.7691 83.98535 0, 179.7896 84.01172 0, 179.783 84.03111 0, 179.7588 84.04502 0, 179.7262 84.05491 0, 179.6945 84.06226 0, 179.6729 84.06854 0, 179.6707 84.07524 0, 179.6971 84.08382 0, 179.7615 84.09577 0, 179.8731 84.11256 0, 180.0412 84.13567 0, 180.275 84.16656 0, 180.3102 84.17022 0, 180.3456 84.17219 0, 180.3811 84.17275 0, 180.4168 84.17219 0, 180.4525 84.17078 0, 180.4883 84.16882 0, 180.5242 84.16656 0, 180.56 84.16431 0, 180.5958 84.16234 0, 180.6316 84.16093 0, 180.6672 84.16037 0, 180.7028 84.16093 0, 180.7382 84.1629 0, 180.7734 84.16656 0, 180.8101 84.17216 0, 180.8465 84.17915 0, 180.8824 84.18732 0, 180.918 84.19646 0, 180.9534 84.20638 0, 180.9885 84.21687 0, 181.0236 84.22773 0, 181.0587 84.23875 0, 181.0937 84.24973 0, 181.1289 84.26048 0, 181.1642 84.27077 0, 181.1997 84.28041 0, 181.2355 84.28921 0, 181.2717 84.29694 0, 181.2845 84.29818 0, 181.3081 84.29926 0, 181.3408 84.30018 0, 181.3808 84.30093 0, 181.4261 84.30149 0, 181.4749 84.30186 0, 181.5254 84.30205 0, 181.5757 84.30202 0, 181.624 84.30177 0, 181.6684 84.30129 0, 181.7071 84.30058 0, 181.7382 84.29963 0, 181.7598 84.29842 0, 181.7701 84.29694 0, 181.7845 84.29036 0, 181.7977 84.28252 0, 181.81 84.27363 0, 181.8215 84.26389 0, 181.8324 84.25353 0, 181.8429 84.24275 0, 181.8532 84.23177 0, 181.8635 84.22077 0, 181.8741 84.20999 0, 181.8849 84.19963 0, 181.8964 84.1899 0, 181.9087 84.181 0, 181.9219 84.17315 0, 181.9362 84.16656 0, 181.9585 84.16149 0, 181.9923 84.15848 0, 182.0358 84.15721 0, 182.087 84.15736 0, 182.144 84.15862 0, 182.2049 84.16065 0, 182.2677 84.16315 0, 182.3306 84.16578 0, 182.3916 84.16823 0, 182.4487 84.17018 0, 182.5001 84.17131 0, 182.5439 84.1713 0, 182.5781 84.16982 0, 182.6008 84.16656 0, 182.6159 84.16146 0, 182.6297 84.15466 0, 182.6423 84.14643 0, 182.6539 84.13702 0, 182.6649 84.1267 0, 182.6753 84.11574 0, 182.6854 84.10439 0, 182.6955 84.09292 0, 182.7057 84.08158 0, 182.7163 84.07065 0, 182.7275 84.06039 0, 182.7395 84.05104 0, 182.7526 84.04288 0, 182.7669 84.03619 0, 182.7777 84.03259 0, 182.7888 84.03007 0, 182.8001 84.02847 0, 182.8118 84.02769 0, 182.8236 84.02758 0, 182.8356 84.02802 0, 182.8477 84.02889 0, 182.86 84.03007 0, 182.8722 84.0314 0, 182.8845 84.03278 0, 182.8968 84.03408 0, 182.909 84.03516 0, 182.9211 84.03591 0, 182.933 84.03619 0, 182.9568 84.03648 0, 182.9806 84.03729 0, 183.0045 84.03847 0, 183.0285 84.03987 0, 183.0525 84.04137 0, 183.0764 84.04282 0, 183.1004 84.04409 0, 183.1243 84.04504 0, 183.1481 84.04552 0, 183.1718 84.0454 0, 183.1954 84.04455 0, 183.2188 84.04282 0, 183.2421 84.04008 0, 183.2652 84.03619 0, 183.2906 84.03036 0, 183.3153 84.02316 0, 183.3394 84.01476 0, 183.3631 84.0054 0, 183.3864 83.99529 0, 183.4095 83.98465 0, 183.4324 83.97368 0, 183.4552 83.9626 0, 183.4782 83.95162 0, 183.5013 83.94097 0, 183.5247 83.93084 0, 183.5484 83.92146 0, 183.5727 83.91305 0, 183.5975 83.9058 0, 183.6089 83.90327 0, 183.6204 83.90148 0, 183.632 83.90035 0, 183.6438 83.8998 0, 183.6556 83.89972 0, 183.6675 83.90004 0, 183.6795 83.90065 0, 183.6916 83.90148 0, 183.7036 83.90243 0, 183.7157 83.9034 0, 183.7277 83.90431 0, 183.7397 83.90508 0, 183.7517 83.90561 0, 183.7636 83.9058 0, 183.7753 83.89626 0, 183.7866 83.88634 0, 183.7977 83.87614 0, 183.8085 83.86577 0, 183.8194 83.85532 0, 183.8302 83.8449 0, 183.8412 83.83463 0, 183.8524 83.8246 0, 183.8639 83.81492 0, 183.8759 83.80569 0, 183.8883 83.79703 0, 183.9014 83.78902 0, 183.9152 83.78178 0, 183.9297 83.77543 0, 183.9518 83.76911 0, 183.9753 83.76641 0, 183.9998 83.76665 0, 184.0253 83.76917 0, 184.0512 83.77333 0, 184.0775 83.77846 0, 184.1037 83.78389 0, 184.1296 83.78899 0, 184.1548 83.79308 0, 184.1792 83.7955 0, 184.2024 83.79561 0, 184.2241 83.79274 0, 184.2441 83.78622 0, 184.262 83.77543 0, 184.2692 83.76846 0, 184.2743 83.7608 0, 184.2776 83.75253 0, 184.2791 83.74374 0, 184.2794 83.73449 0, 184.2785 83.72488 0, 184.2767 83.715 0, 184.2743 83.70493 0, 184.2716 83.69474 0, 184.2689 83.68452 0, 184.2662 83.67436 0, 184.2641 83.66434 0, 184.2626 83.65453 0, 184.262 83.64504 0'/>
        </IndexedLineSet>
      </Shape>
    </Transform>
  </Scene>
</X3D>
